FBXL5,SERPINA7,KIAA0907,KLK1,NRCAM,VEGFA,POLR2H,NCAPD2,AGTR1,MND1,label
0.29211940981356516,0.6751128782262957,0.526625754726319,0.8887944227172249,0.5379342516164975,0.4628214707512838,0.5000385059684251,0.5841242450388267,0.07608085345311623,0.758077981509539,1
0.8340958481070571,0.021396320506773092,0.07460655250915565,0.1065011619339109,0.2240161714589295,0.12534246025050888,0.08240277242972655,0.11250555599132012,0.7732079356166943,0.030518536841779742,0
0.1722520873841931,0.6464047442550038,0.5832920914579828,0.5221901037238564,0.628224897308644,0.44175564607486356,0.5514824797843666,0.5678092399403876,0.0974171813587872,0.736804675180112,1
0.26558389568797897,0.6783475975470046,0.7250816589131941,0.5439551096752253,0.6209814313296098,0.5073955345593614,0.546553715825953,0.561377362930426,0.09854014598540146,0.8712470239015491,1
0.9862175454649433,0.263124199743918,0.2585123230723548,0.25760925012752933,0.33535044639964773,0.2985610643785105,0.04520600693107424,0.0805030459905357,0.6020260153471827,0.18549209981138493,0
0.2797666704792406,0.6481231888941305,0.5711669801049194,0.5420846794762795,0.5020538271157007,0.4445033623370053,0.75633423180593,0.4857635893011217,0.25210555867490175,0.7406388175999505,1
0.273132791947844,0.6698564593301437,0.5808175789369494,0.5499064784900527,0.5682557371101288,0.44175564607486356,0.5477859068155564,0.5486704839595262,0.0991016282987086,0.7703225008503138,1
0.274962827404781,0.6717770739268146,0.5711669801049194,0.5485461656180921,0.5702771694763709,0.4420609478817682,0.5342318059299191,0.5511804847439016,0.09292532285233016,0.7725487770940911,1
0.2669564222806817,0.6870409057214099,0.720627536375334,0.5439551096752253,0.7097560027470745,0.4141258325499935,0.5428571428571429,0.5025492195466311,0.08338012352610893,0.7685909526607093,1
0.20038888253459913,0.6660152301368018,0.6731168959714937,0.5033157626254038,0.5995879387868811,0.46923280869628126,0.5865999229880632,0.5453761079300338,0.11678832116788322,0.7330942147738165,1
0.27381905524419536,0.6802682121436756,0.5694348213401961,0.54310491413025,0.6277195392170833,0.43870262800581716,0.6321909896033886,0.6032630010196879,0.13307130825379002,0.7715593209857456,1
0.27015898433032143,0.6786508524833211,0.5738889438780561,0.5488862438360823,0.6285618027030175,0.43931323161962643,0.7427801309202926,0.5511804847439016,0.18402582818641214,0.7697040907825979,1
0.27450531854054677,0.6693510344362829,0.5706720776007127,0.545825539874171,0.5728039599341735,0.4412976933645066,0.39252984212552944,0.5508667346458547,0.09039865244244807,0.7719303670263752,1
0.23104197643829352,0.6651054653278524,0.5610214787686826,0.5468457745281414,0.577520635455405,0.44999879486128885,0.5293030419715056,0.5519648599890188,0.0909601347557552,0.7572122074147367,1
0.2809104426398262,0.6578273468562573,0.5714144313570227,0.5415745621492943,0.46987936195301416,0.43748142077819857,0.5468617635733539,0.5514942348419485,0.09306569343065695,0.6994527070900715,1
0.273132791947844,0.6733944335871691,0.570919528852816,0.5476959700731168,0.5709509802651183,0.4411450424610543,0.5844435887562572,0.5510236096948781,0.11580572711959573,0.7711882749451161,1
0.2372183461054558,0.6761237280140172,0.6530733445511234,0.6461486141812617,0.7444572583675636,0.7432411803931966,0.49572583750481325,0.5439642324888226,0.17097136440202132,0.7517701988188368,1
0.211369095276221,0.6708673091178652,0.7426506978125309,0.5165788131270191,0.6091897425265309,0.472896430379137,0.5967654986522911,0.5116479723899914,0.12043795620437957,0.737546767261371,1
0.27450531854054677,0.6709683940966373,0.5721567851133327,0.5415745621492943,0.5699402640819973,0.44175564607486356,0.5329996149403158,0.5516511098909719,0.09194272880404268,0.7724250950805479,1
0.29097563765297957,0.6675315048183841,0.7527961991487677,0.49090290766876377,0.5920075674134733,0.4657218379168779,0.8629187524066231,0.634481135775355,0.24059517125210556,0.7682199066200798,1
0.5978497083380991,0.06535143877619787,0.37382460655250915,0.06540837726010373,0.037473320609909155,0.16659034121494126,0.2033115132845591,0.2407509085679928,0.5170316301703158,0.33020005565690613,0
0.27679286286171795,0.6591414515802952,0.570919528852816,0.5391940146233634,0.6634315110206935,0.44267155149557746,0.53453985367732,0.5507098595968312,0.09306569343065695,0.773167187161807,1
0.2761065995653666,0.6692499494575107,0.570919528852816,0.5451453834381907,0.571287885659492,0.44175564607486356,0.5323835194455141,0.5503961094987843,0.09208309938236946,0.7730435051482638,1
0.27679286286171795,0.6555023923444977,0.568692467583886,0.538173779969393,0.5731408653285471,0.4420609478817682,0.5299191374663073,0.6573848929327791,0.18220101066816397,0.7026684394421941,1
0.20953905981928403,0.666823909966979,0.5444422448777592,0.5198095561979255,0.5623598927085894,0.46312677255818846,0.6830188679245284,0.5958898737155855,0.160864682762493,0.7316100306112984,1
0.11003088184833584,0.6613653211132827,0.7129565475601307,0.6009182111885734,0.6678112811475513,0.4435874569162914,0.5351559491721217,0.389912934347792,0.09138124649073555,0.7845459324077796,1
0.16447443669221096,0.6717770739268146,0.6877165198455905,0.5898656691038938,0.5394503258911791,0.5817365245406415,0.6697728147862919,0.4703898344968233,0.0885738349241999,0.7113261803902168,1
0.7866293034427543,0.13555495653345917,0.24544689696129862,0.235759224621663,0.2281738061609258,0.03586492805322,0.20061609549480164,0.09747169712657144,0.6281583380123525,0.19813858569617504,0
0.2802241793434748,0.6675315048183841,0.5728991388696427,0.6077197755483761,0.5283324478768477,0.38649601902512354,0.5363881401617251,0.4926660914581536,0.09390791690061764,0.7275285241643734,1
0.27542033626901524,0.6691488644787386,0.5714144313570227,0.5453154225471858,0.5709509802651183,0.44175564607486356,0.5314593762033115,0.5507098595968312,0.09166198764738911,0.7724250950805479,1
0.2781653894544207,0.6685423546061057,0.5721567851133327,0.5434449923482401,0.5696033586876236,0.4432821551093868,0.5336157104351175,0.5514942348419485,0.09264458169567659,0.7729198231347206,1
0.2770216172938351,0.6759215580564729,0.738196575274671,0.5385138581873831,0.5709509802651183,0.4428242023990298,0.538544474393531,0.54929798415562,0.09489051094890512,0.774527689310782,1
0.6919821571542949,0.08624233438911011,0.12743739483321792,0.4150938049084623,0.23011101217857444,0.052953794981803026,0.1792067770504428,0.025021570319240682,0.6520213363279057,0.30277356915370585,0
0.16287315566739108,0.6679358447334727,0.7711075918044146,0.5201496344159157,0.5847641014344391,0.4583945945511665,0.8770889487870621,0.46960545925170605,0.08253790005614824,0.7504096966698618,1
0.19604254832437382,0.6498416335332571,0.5776007126596061,0.486481890834892,0.5162038536793953,0.4501514457647412,0.5450134770889488,0.5452192328810103,0.09783829309376756,0.7344547169227915,1
0.213199130733158,0.6677336747759284,0.812679402157775,0.4919231423227342,0.5547795213351816,0.5476953730707741,0.7566422795533307,0.57110361596988,0.17251544076361597,0.7395256794780619,1
0.010293949445270567,0.6873441606577264,0.5748787488864694,0.4558748512157796,0.5726355072369866,0.44312950420593444,1.0,0.466467958271237,0.30025266704098824,0.7047710336724282,1
0.2717602653551413,0.6788530224408654,0.568692467583886,0.5526271042339738,0.5717932437510524,0.43870262800581716,0.7292260300346554,0.5522786100870657,0.17911285794497472,0.7694567267555116,1
0.24774104998284344,0.6710694790754095,0.5667128575670594,0.5592586294847814,0.5706140748707446,0.45427302015795384,0.5308432807085098,0.5620048631265198,0.09138124649073555,0.7658699483627593,1
0.9046665904151894,0.09849046431700315,0.1570820548351975,0.018137504959474526,0.31849221878117895,0.15871676830003223,0.036503658067000344,0.1463905665803859,0.9312418117162647,0.1722272038588789,0
0.27725037172595224,0.7142327650111194,0.6008611303573197,0.5400442101683387,0.5332175760952661,0.5712036122024314,0.7612629957643435,0.542709232096635,0.19427288040426727,0.7716830029992888,1
0.18117351023676087,0.6644989554552194,0.5733940413738494,0.6068695800034007,0.5687610952016894,0.4416029951714112,0.5351559491721217,0.4854498392030748,0.09250421111734981,0.8231347206332519,1
0.7881162072515155,0.06321180672552129,0.30832426012075625,0.0,0.1917880235685684,0.06892590003776189,0.06407393145937618,0.1856616205192564,0.7353078794684629,0.18478092823351167,0
0.2664989134164475,0.7132219152233978,0.7572503216866278,0.4659071586464887,0.5707825275679315,0.5406734315119673,0.5376203311513285,0.60608675190211,0.09236384053902302,0.7160260969048576,1
0.2166304472149148,0.6697553743513714,0.64094823319806,0.5832341438530861,0.5899861350472312,0.4568680855166433,0.4994224104736234,0.6158130049415641,0.05628860190903987,0.742988775857271,1
0.25208738419306875,0.6689466945211943,0.7176581213500941,0.5633395681006631,0.5596646495536,0.45885254726152347,0.5111282248748557,0.5036473448897953,0.07888826501965189,0.7599332117126867,1
0.1681345076060849,0.6709683940966373,0.6270909630802732,0.6172419656521,0.5520842781801921,0.4416029951714112,0.6063149788217174,0.5502392344497608,0.1257720381807973,0.7591911196314276,1
0.26741393114491596,0.6689466945211943,0.5865089577353262,0.5434449923482401,0.5552848794267421,0.456715434613191,0.5881401617250674,0.5475723586163621,0.11454239191465469,0.7617884419158344,1
0.47009035800068627,0.8056135858211471,0.5706720776007127,0.4422717224961741,0.5434931906236633,0.45350976564069223,0.4522911051212938,0.6001255000392188,0.055586749017405956,0.7323521226925575,1
0.2099965686835183,0.6689466945211943,0.6562902108284668,0.597687468117667,0.6408588495976569,0.44389275872319606,0.5502502887947632,0.6151855047454703,0.10106681639528356,0.738907269410346,1
0.2584925082923482,0.6825931666554351,0.6466396119964367,0.533242645808536,0.6171070192943124,1.0,0.4735463996919523,0.6834261510706723,0.06527231892195397,0.7363099471259392,1
0.2660414045522132,0.696947233641081,0.5840344452142928,0.5388539364053732,0.6647791325981882,0.5214394176769749,0.7547939930689257,0.5507098595968312,0.08955642897248738,0.7695804087690548,1
0.15509550497540892,0.6705640541815487,0.782490349401168,0.5757524230573031,0.6319308566467544,0.6113507998103918,0.8573738929534078,0.4819985881245588,0.2427007299270073,0.7624068519835503,1
0.27336154637996113,0.6723835837994475,0.5719093338612293,0.5420846794762795,0.5692664532932499,0.4425189005921252,0.5339237581825184,0.551337359792925,0.09180235822571589,0.773167187161807,1
0.23881962713027566,0.6686434395848778,0.5716618826091261,0.5514368304710083,0.573309318025734,0.4527465111234306,0.5129765113592607,0.5684367401364814,0.08323975294778216,0.7565937973470208,1
0.27564909070113236,0.666823909966979,0.675591408492527,0.5509267131440231,0.5352390084615082,0.44007648613688805,0.5354639969195225,0.553062985332183,0.09348680516563729,0.7725487770940911,1
0.1763696671623013,0.6789541074196376,0.7666534692665545,0.5866349260329875,0.6420380184779648,0.43564960993677077,0.6629957643434733,0.6122048788140246,0.14331836047164515,0.7223338795955598,1
0.21365663959739223,0.6752139632050679,0.6038305453825596,0.4432919571501445,0.6107058168012125,0.7258389773996321,0.6519060454370428,0.5510236096948781,0.14051094890510948,0.7413809096812096,1
0.23058446757405926,0.6665206550306626,0.5523606849450658,0.5398741710593437,0.5722986018426129,0.4434348060128391,0.5351559491721217,0.5510236096948781,0.09292532285233016,0.7481834204260845,1
0.4087841701932975,0.6704629692027766,0.5835395427100861,0.533412684917531,0.4887460640379403,0.7189696867442777,0.37928378898729304,0.6263236332261355,0.0982594048287479,0.7173865990538326,1
0.2761065995653666,0.6676325897971562,0.5726516876175394,0.540724366604319,0.5918391147162865,0.4429768533024821,0.5314593762033115,0.5508667346458547,0.09180235822571589,0.7726724591076343,1
0.252544893057303,0.666217400094346,0.6426803919627834,0.538343819078388,0.6155909450196309,0.44236624968867283,0.6710050057758953,0.5723586163620676,0.09966311061201573,0.7701988188367707,1
0.1866636166075718,0.6463036592762317,0.6793031772740771,0.4781499744941336,0.5968926956318916,0.4545783219648585,0.8293415479399308,0.5657698643030826,0.227400336889388,0.7253022479205962,1
0.27679286286171795,0.6718781589055868,0.5704246263486094,0.5425947968032647,0.5728039599341735,0.4425189005921252,0.5317674239507124,0.5511804847439016,0.09180235822571589,0.773167187161807,1
0.4277707880590187,0.6836040164431566,0.7075126200138573,0.543274953239245,0.6629261529291329,0.4416029951714112,0.5370042356565268,0.6434230135696918,0.09138124649073555,0.7729198231347206,1
0.27359030081207825,0.7013949727070559,0.5706720776007127,0.5459955789831661,0.5704456221735578,0.4411450424610543,0.5299191374663073,0.5510236096948781,0.0909601347557552,0.7705698648774002,1
0.274962827404781,0.6782465125682324,0.6580223695931902,0.538343819078388,0.6154224923224441,0.5852474953200448,0.7495571813631113,0.5497686093026904,0.1827624929814711,0.7734145511888934,1
0.2214342902893744,0.6808747220163085,0.5998713253489063,0.5832341438530861,0.6032938981249916,0.4271011593434408,0.5631882941855988,0.5896148717546474,0.10612015721504774,0.7392783154509756,1
0.2676426855770331,0.6702607992452323,0.5805701276848462,0.5492263220540724,0.5852694595259996,0.4376340716816509,0.5228340392760878,0.5466311083222214,0.0877316114542392,0.7682199066200798,1
0.16630447214914792,0.6674304198396119,0.5988815203404929,0.5609590205747321,0.5936920943853417,0.41488908706725514,0.6189449364651521,0.5502392344497608,0.1315272318921954,0.7873906187192727,1
0.27725037172595224,0.6686434395848778,0.570919528852816,0.538173779969393,0.5709509802651183,0.4428242023990298,0.5366961879091259,0.5514942348419485,0.09180235822571589,0.7734145511888934,1
0.18277479126158072,0.6764269829503337,0.6837572998119371,0.513518109165108,0.5510735619970711,0.4655691870134256,0.5557951482479785,0.6250686328339479,0.11243683323975295,0.7725487770940911,1
0.273132791947844,0.6669249949457512,0.4167573987924379,0.5420846794762795,0.5724670545397998,0.44267155149557746,0.5363881401617251,0.5497686093026904,0.09222346996069625,0.7725487770940911,1
0.2740478096763125,0.6760226430352451,0.5719093338612293,0.5471858527461316,0.6337838363158096,0.4411450424610543,0.5299191374663073,0.5508667346458547,0.0909601347557552,0.7715593209857456,1
0.2742765641084296,0.6729900936720804,0.5887360190042562,0.5442951878932154,0.5726355072369866,0.44175564607486356,0.5305352329611089,0.5508667346458547,0.09124087591240877,0.7426177298166414,1
0.274962827404781,0.6715749039692703,0.570919528852816,0.5417446012582894,0.5692664532932499,0.44083974065414966,0.5289949942241048,0.5511804847439016,0.09053902302077485,0.771806685012832,1
0.2598650348850509,0.6691488644787386,0.572404236365436,0.5410644448223091,0.5689295478988762,0.44984614395783656,0.556719291490181,0.5483567338614793,0.1031723750701853,0.7564701153334776,1
0.19535628502802244,0.6616685760495992,0.747104820350391,0.6291447032817548,0.7441203529731899,0.4693854595997336,0.8435117443203697,0.5469448584202683,0.23048848961257723,0.7301258464487802,1
0.26352510579892485,0.6630837657524093,0.5728991388696427,0.5424247576942697,0.5642128723776446,0.44389275872319606,0.53453985367732,0.547886108714409,0.09306569343065695,0.7659936303763025,1
0.20610774333752718,0.6529752678751939,0.5758685538948828,0.5723516408774018,0.5753307503919761,0.44175564607486356,0.5428571428571429,0.5529061102831595,0.09685569904548008,0.7349494449769642,1
0.2527736474894201,1.0,0.6352568543996833,0.5164087740180241,0.6464177886048226,0.41275197441892264,0.6229495571813631,0.5874186210683191,0.08674901740595171,0.7562227513063913,1
0.7218346105455793,0.14694386414178884,0.13834999505097495,0.3520943150257898,0.3751247197854166,0.14676179228229175,0.26784751636503656,0.2154155881507051,0.6211632041924018,0.3533285921894809,0
0.20290518128788748,0.6762248129927894,0.5788379689201227,0.6107804795102874,0.782022209840229,0.49670997131769895,0.7551020408163266,0.6584830182759432,0.2022740033688939,0.7347020809498779,1
0.8366121468603454,0.09667093469910437,0.2041225378600416,0.15175990477809898,0.2072977040452712,0.1413467023387735,0.1458606083943011,0.21444819201506,0.7730675650383675,0.15181967162425403,0
0.27359030081207825,0.6737987735022577,0.5768583589032961,0.5499064784900527,0.5696033586876236,0.4301541774124872,0.5182133230650751,0.5507098595968312,0.08562605277933746,0.7710645929315729,1
0.274962827404781,0.680571467079992,0.6864792635850738,0.5451453834381907,0.6546719707669778,0.7499578201450988,0.5323835194455141,0.5521217350380423,0.09208309938236946,0.7636436721189821,1
0.14708909985130963,0.6573219219623965,0.572404236365436,0.523380377486822,0.47291151050237734,0.8056753999051958,0.540700808625337,0.6547180170993804,0.09587310499719259,0.7031631674963669,1
0.14708909985130963,0.6524698429813331,0.5726516876175394,0.538343819078388,0.47223769971362994,0.44435071143355304,0.5366961879091259,0.5529061102831595,0.09587310499719259,0.7030394854828237,1
0.27679286286171795,0.665509805242941,0.6936553498960705,0.5476959700731168,0.5761730138779103,0.5371624607325639,0.5721216788602234,0.5563573613616755,0.09713644020213363,0.7034105315234532,1
0.2726752830836098,0.6798638722285869,0.6943977036523805,0.5397041319503485,0.5709509802651183,0.4419082969783159,0.5268386599922988,0.6266373833241823,0.08955642897248738,0.7682199066200798,1
0.2708452476266728,0.673293348608397,0.5840344452142928,0.6172419656521,0.5536003524548737,0.4382446752954602,0.5776665383134386,0.4641148325358852,0.11159460976979226,0.7720540490399184,1
0.2708452476266728,0.6358919064626998,0.570919528852816,0.5524570651249787,0.7517007243465976,0.440534438847245,0.5277628032345013,0.5500823594007374,0.08997754070746772,0.7697040907825979,1
0.2717602653551413,0.6842105263157896,0.568692467583886,0.5575582383948308,0.568087284412942,0.4399238352334357,0.7852907200616096,0.551337359792925,0.20732734418865806,0.7694567267555116,1
0.30401464028365555,0.6854235460610554,0.7414134415520143,0.5966672334636967,0.622834410998665,0.46068435810295133,0.5154408933384674,0.8039061887206841,0.0811341942728804,0.761541077888748,1
0.24385222463685235,0.6482242738729026,0.5669603088191627,0.5572181601768407,0.6171070192943124,0.42847501747451167,0.5308432807085098,0.5646717389599185,0.09138124649073555,0.755356977211589,1
0.233787029623699,0.6625783408585485,0.5704246263486094,0.5485461656180921,0.5741515815116682,0.4445033623370053,0.5308432807085098,0.5507098595968312,0.09138124649073555,0.7510281067375777,1
0.26832894887338443,0.6661163151155739,0.5728991388696427,0.4388709403162727,0.5675819263213815,0.7232439120409427,0.5317674239507124,0.5521217350380423,0.09180235822571589,0.7648804922544139,1
0.14663159098707543,0.6601523013680168,0.568692467583886,0.5373235844244176,0.573309318025734,0.44526661685426694,0.554562957258375,0.5483567338614793,0.09769792251544077,0.70600785380786,1
0.3342102253231157,0.6704629692027766,0.601108581609423,0.6486992008161877,0.5760045611807234,0.44175564607486356,0.6469772814786292,0.6133030041571889,0.14430095451993263,0.7287653442998052,1
0.2790804071828892,0.6892647752543973,0.6956349599128973,0.60482911069546,0.576509919272284,0.46999606321354287,0.5351559491721217,0.501451094203467,0.09390791690061764,0.7344547169227915,1
0.2751915818368981,0.6713727340117259,0.5711669801049194,0.5444652270022105,0.5687610952016894,0.44221359878522054,0.5308432807085098,0.5511804847439016,0.09138124649073555,0.7721777310534615,1
0.28708681230698846,0.6495383785969406,0.7231020488963675,0.4283285155585784,0.5786998043357129,0.4518306057027167,0.8817096649980748,0.5574554867048397,0.0,0.695000154602517,1
0.2783941438865378,0.6678347597547005,0.5726516876175394,0.540724366604319,0.5702771694763709,0.44236624968867283,0.5333076626877166,0.5511804847439016,0.09250421111734981,0.7740329612566093,1
0.22532311563536545,0.6543904575780041,0.6273384143323766,0.513518109165108,0.5342282922783871,0.5319723300151851,0.7332306507508665,0.6470311396972313,0.1827624929814711,0.7470702823041959,1
0.27450531854054677,0.6689466945211943,0.5714144313570227,0.5439551096752253,0.5722986018426129,0.44221359878522054,0.5333076626877166,0.5510236096948781,0.09180235822571589,0.773167187161807,1
0.273132791947844,0.676629152907878,0.5719093338612293,0.5429348750212548,0.6683166392391118,0.44099239155760195,0.5293030419715056,0.5505529845478077,0.09067939359910164,0.7716830029992888,1
0.24568226009378935,0.6850192061459668,0.6028407403741464,0.6315252508076857,0.5529265416661263,0.4822081354897285,0.8262610704659223,0.5362773550866735,0.2240314430095452,0.7638910361460685,1
0.2502573487361318,0.678549767504549,0.6117489854498664,0.5371535453154225,0.5426509271377291,0.46831690327556735,0.609087408548325,0.5234136010667504,0.12142055025266704,0.7813302000556569,1
0.2184604826718518,0.6664195700518905,0.5899732752647728,0.5696310151334807,0.603967708913739,0.4373287698747463,0.45321524836349636,0.5968311240097263,0.056007860752386306,0.741628273708296,1
0.17545464943383282,0.6611631511557384,0.6122438879540731,0.5786430879102193,0.5845956487372523,0.4503040966681935,0.5354639969195225,0.4863910894972155,0.09531162268388546,0.7184997371757212,1
0.1733958595447787,0.6588381966439788,0.5352865485499357,0.5388539364053732,0.5763414665750971,0.44602987137152855,0.5468617635733539,0.5529061102831595,0.09573273441886582,0.7175102810673758,1
0.274962827404781,0.6719792438843589,0.570919528852816,0.5442951878932154,0.6307516877664465,0.4361075626471277,0.5561031959953793,0.5514942348419485,0.10289163391353173,0.7721777310534615,1
0.2978382706164932,0.7286879169755375,0.600366227853113,0.5075667403502805,0.5268163736021662,0.40145580756345095,0.45629572583750483,0.5083535963604989,0.05488489612577204,0.7396493614916051,1
0.7309847878302642,0.2723094548150148,0.12837770959121053,0.20977158079691716,0.29004407537054877,0.15202423132235915,0.18929534077782056,0.20770256490705152,0.5852283361407454,0.19189264401224448,0
0.2751915818368981,0.6725857537569918,0.5726516876175394,0.5444652270022105,0.573309318025734,0.4434348060128391,0.5373122834039277,0.5521217350380423,0.09152161706906232,0.7725487770940911,1
0.8380990506691068,0.08646135184311687,0.09190339503117884,0.16720512384515052,0.2598669779030772,0.1222653394072335,0.13977666538313432,0.17627526341935368,0.7530881527231893,0.17482452614328559,0
0.7276106599565366,0.11368690612575005,0.2076610907651193,0.2874511137561639,0.0,0.12982557625716096,0.11467077396996533,0.2471043480534426,0.6432949653752569,0.22398812652669986,0
0.851595562164017,0.14150212278455487,0.10593388102543799,0.04174460125828949,0.20635918187523,0.3164935284051199,0.07785906815556409,0.15423431903155854,0.7478944413250982,0.1014810921121796,0
0.2930344275420336,0.6709683940966373,0.6926655448876572,0.6065295017854107,0.6177808300830598,0.5226606249045935,0.7070465922217943,0.5249823515569849,0.15623245367770916,0.7535017470084413,1
0.24979983987189755,0.6932070894265113,0.7208749876274374,0.5329025675905458,0.6806136861337512,0.6302795118384795,0.7175202156334233,0.6451486391089498,0.17967434025828188,0.7714356389722025,1
0.2747340729726639,0.6688456095424221,0.5706720776007127,0.5448053052202007,0.5702771694763709,0.44221359878522054,0.5317674239507124,0.551337359792925,0.09180235822571589,0.771806685012832,1
0.6185519844446987,0.1670597749174476,0.2866227853112937,0.2515161820552066,0.2267178935638105,0.10716093422352901,0.2249518675394686,0.2746882108400659,0.47824256035934865,0.4356080516990817,0
0.16035685691410273,0.6599501314104725,0.5738889438780561,0.5354531542254718,0.4966633408057218,0.4466404749853378,0.538544474393531,0.5480429837634324,0.09489051094890512,0.7734145511888934,1
0.2763353539974837,0.6749107082687513,0.5706720776007127,0.5453154225471858,0.6288987080973912,0.4420609478817682,0.5348479014247208,0.5503961094987843,0.09320606400898372,0.7729198231347206,1
0.15623927713599453,0.6689466945211943,0.5961595565673563,0.5587485121577963,0.5773521827582182,0.3738259940385809,0.49172121678860226,0.46725233351635426,0.09643458731049973,0.7180050091215485,1
0.22257806244995998,0.646505829233776,0.6288231218449966,0.5590885903757864,0.7719150480090186,0.4698434123100905,0.5902964959568734,0.5031767197427249,0.1184727681078046,0.7438545499520732,1
0.19398375843531973,0.6607588112406497,0.6451549044838167,0.4715184492433259,0.6236766744845992,0.46312677255818846,0.4452060069310743,0.5627892383716371,0.050393037619315004,0.7355678550446801,1
0.27564909070113236,0.6680369297122448,0.5776007126596061,0.538343819078388,0.59857722260376,0.43656551535748467,0.5591836734693878,0.5598086124401914,0.0998034811903425,0.7725487770940911,1
0.13954020359144462,0.6649032953703081,0.7493318816193211,0.5641897636456384,0.5621914400114025,0.5986807748238492,0.576742395071236,0.619578006118127,0.12240314430095453,0.7846696144213228,1
0.15921308475351714,0.6716759889480425,0.6728694447193904,0.7360993028396531,0.5741515815116682,0.500526243904007,0.39622641509433965,0.7082124088163778,0.030039303761931507,0.7130577285798213,1
0.1981013382134279,0.6688456095424221,0.6082846679204197,0.5619792552287025,0.6009355603643758,0.504800469200672,0.5813631112822488,0.5657698643030826,0.11440202133632792,0.7337126248415324,1
0.2546036829463571,0.6742031134173463,0.6147184004751064,0.5485461656180921,0.6110427221955862,0.4361075626471277,0.5317674239507124,0.5416111067534709,0.09180235822571589,0.7562227513063913,1
0.26558389568797897,0.6713727340117259,0.5704246263486094,0.5453154225471858,0.5736462234201077,0.4419082969783159,0.5413169041201387,0.5507098595968312,0.09615384615384616,0.7715593209857456,1
0.726466887795951,0.0671541208976354,0.21906859348708307,0.24485631695289917,0.34392487379931047,0.2653072702001331,0.2110127069695803,0.2470782022119382,0.7480582069998134,0.1197860301165703,0
0.26558389568797897,0.6631848507311815,0.6582698208452935,0.5939466077197755,0.5633706088917104,0.47808656109651587,0.5172891798228726,0.5445917326849165,0.08520494104435711,0.7663646764169321,1
0.11826604140455224,0.6519644180874723,0.7228545976442642,0.6281244686277844,0.5722986018426129,0.5370098098291116,0.7483249903735079,0.44277982586869563,0.10022459292532286,0.687455551776383,1
0.1452590643943727,0.6699575443089159,0.7374542215183609,0.632035368134671,0.6575356666191541,0.4390079298127218,0.5259145167500963,0.635893011216566,0.08885457608085345,0.8325345536625336,1
0.2763353539974837,0.6278051081609274,0.5714144313570227,0.5412344839313041,0.6642737745066277,0.5232712285184028,0.8589141316904121,0.5508667346458547,0.09110050533408198,0.7739092792430661,1
0.15761180372869726,0.6696542893725993,0.6580223695931902,0.5924162557388198,0.6324362147383149,0.4516779547992644,0.6180207932229496,0.5729861165581615,0.13110612015721507,0.7614173958752048,1
0.26878645773761867,0.6721814138419032,0.5691873700880927,0.548036048291107,0.6627577002319461,0.5295299155599479,0.5262225644974972,0.5507098595968312,0.08927568781583381,0.7650041742679571,1
0.28205421480041176,0.6681380146910171,0.6503513807779868,0.7320183642237714,0.6430487346610858,0.45335711473723994,0.4430496726992684,0.6509530159228175,0.05137563166760248,0.783432794285891,1
0.27381905524419536,0.6710694790754095,0.5654756013065426,0.5524570651249787,0.5941974524769021,0.43793937348855555,0.5194455140546785,0.5604361126362852,0.0861875350926446,0.7710645929315729,1
0.2729040375157269,0.6696542893725993,0.570177175096506,0.5444652270022105,0.569098000596063,0.4406870897506973,0.6238737004235657,0.5514942348419485,0.1323694553621561,0.7672304505117343,1
0.2349308017842846,0.7032145023249546,0.8775116302088489,0.5221901037238564,0.64069039690047,0.43656551535748467,0.6315748941085868,0.6145580045493765,0.13742279618192027,0.7721777310534615,1
0.26009378931716803,0.6690477794999664,0.5756211026427794,0.5502465567080428,0.5780259935469655,0.4309174319297488,0.5804389680400462,0.5392579810181191,0.11398090960134756,0.7641384001731548,1
0.6509207365892715,0.06435743648493875,0.24836682173611802,0.23119650853029589,0.051346603456796425,0.014839274667180935,0.245822102425876,0.14406358668653696,0.5972768107804605,0.1259392102903436,0
0.12581493766441726,0.6696542893725993,0.568692467583886,0.5466757354191464,0.6647791325981882,0.44175564607486356,0.5314593762033115,0.5558867362146052,0.08927568781583381,0.7693330447419684,1
0.27061649319455566,0.6758204730777008,0.5714144313570227,0.5524570651249787,0.6812874969224986,0.44083974065414966,0.7356950327300732,0.5557298611655817,0.18248175182481752,0.768343588633623,1
0.2717602653551413,0.6741020284385741,0.5719093338612293,0.5485461656180921,0.5682557371101288,0.4403817879437927,0.8247208317289181,0.5510236096948781,0.22529477821448624,0.770446182863857,1
0.2264668877959511,0.6623761709010042,0.6268435118281699,0.4713484101343309,0.6162647558083783,0.4828187391035378,0.6457450904890258,0.5469448584202683,0.06457046603032005,0.7486781484802573,1
0.211369095276221,0.6855246310398276,0.6597545283579136,0.5346029586804965,0.5568009537014237,0.4954887640900804,0.5074316519060454,0.5384736057730019,0.08169567658618754,0.8138585696175133,1
0.5853825917877159,0.6599501314104725,0.6941502524002772,0.5323924502635606,0.5721301491454261,0.46190556533056987,0.544705429341548,0.45658483018275947,0.0950308815272319,0.6977211589004669,1
0.22257806244995998,0.6697553743513714,0.6233791942987232,0.6403672844754293,0.597566506420639,0.4235901885640374,0.6038505968425106,0.576280492587654,0.11636720943290287,0.7317337126248415,1
0.2578062449959968,0.6691488644787386,0.5711669801049194,0.5391940146233634,0.5773521827582182,0.43671816626093696,0.5348479014247208,0.5609067377833556,0.09278495227400338,0.762901580037723,1
0.27450531854054677,0.662275085922232,0.5696822725922993,0.543274953239245,0.5968926956318916,0.4382446752954602,0.5302271852137082,0.5507098595968312,0.09110050533408198,0.7719303670263752,1
0.23172823973464488,0.6689466945211943,0.5481540136593092,0.5376636626424077,0.5987456753009469,0.4484722858267657,0.548710050057759,0.5234136010667504,0.09952274003368894,0.7893695309359636,1
0.274962827404781,0.669452119415055,0.5706720776007127,0.54310491413025,0.5714563383566788,0.4414503442679589,0.5311513284559107,0.5546317358224175,0.09152161706906232,0.7721777310534615,1
0.2740478096763125,0.6745063683536627,0.5728991388696427,0.5465056963101513,0.5701087167791841,0.4411450424610543,0.5348479014247208,0.5507098595968312,0.09081976417742842,0.7699514548096843,1
0.20267642685577036,0.6746074533324349,0.5837869939621895,0.5238904948138071,0.6449017143301411,0.647681714832044,0.6066230265691183,0.5475723586163621,0.07355418304323415,0.7330942147738165,1
0.2795379160471234,0.6690477794999664,0.5600316737602693,0.5410644448223091,0.5999248441812548,0.43351249728843827,0.5308432807085098,0.542709232096635,0.09138124649073555,0.7736619152159797,1
0.1999313736703649,0.6672282498820676,0.5753736513906761,0.5192994388709403,0.6083474790405967,1.0,0.9020408163265308,0.5667111145972233,0.11159460976979226,0.8227636745926223,1
0.27381905524419536,0.6724846687782197,0.5738889438780561,0.5361333106614521,0.5709509802651183,0.44083974065414966,0.5373122834039277,0.5519648599890188,0.09432902863559799,0.7725487770940911,1
0.27542033626901524,0.6688456095424221,0.5711669801049194,0.5446352661112055,0.5716247910538657,0.4394658825230788,0.5320754716981132,0.5503961094987843,0.09194272880404268,0.7724250950805479,1
0.30881848335811507,0.6625783408585485,0.5728991388696427,0.48614181261690187,0.6506291060344936,0.4457245695646239,0.490180978051598,0.5496117342536669,0.07285233015160023,0.761541077888748,1
0.273132791947844,0.6725857537569918,0.570919528852816,0.5315422547185853,0.60177782385031,0.44404540962664835,0.5366961879091259,0.54929798415562,0.09432902863559799,0.7729198231347206,1
0.6627587784513325,0.07418795067053074,0.23537563100069292,0.071586464886924,0.3432269983395376,0.1520001285481301,0.10342703118983437,0.09268700813135616,0.6009966311061201,0.22568875421291856,0
0.304929658012124,0.6717770739268146,0.5711669801049194,0.5388539364053732,0.5707825275679315,0.4425189005921252,0.5320754716981132,0.5511804847439016,0.09194272880404268,0.7906063510713954,1
0.26741393114491596,0.6819866567828022,0.567950113827576,0.5541574562149294,0.6305832350692596,0.49579406589698505,0.6445128994994225,0.6079692524903915,0.14317798989331837,0.7680962246065366,1
0.26878645773761867,0.6863333108700048,0.5674552113233693,0.5427648359122598,0.6561880450416594,0.4380920243920079,0.6928763958413555,0.5488273590085497,0.16521617069062328,0.7689619987013389,1
0.256204963971177,0.6706651391603209,0.598139166584183,0.5291617071926543,0.568087284412942,0.4295435737986779,0.5912206391990759,0.6057730018040631,0.120157215047726,0.7850406604619523,1
0.7920050325975065,0.16011860637509268,0.09727308720182126,0.3261633509040418,0.1826804711492349,0.0783982903098826,0.25005775895263765,0.13904358511778647,0.8040426726558113,0.19906620079774895,0
0.28479926798581723,0.6672282498820676,0.4867861031376819,0.5223601428328515,0.8805670376945304,0.4222163304329665,0.601078167115903,0.6708761471487961,0.123385738349242,0.7725487770940911,1
0.9895344847306418,0.0932003504279264,0.062135009403147645,0.10281698123901889,0.4510487568746282,0.3959362722649381,0.10281093569503269,0.15873140377022982,0.903308066629235,0.05720293126372089,0
0.20061763696671625,0.6624772558797763,0.572404236365436,0.5322224111545655,0.5785313516385261,0.4406870897506973,0.544705429341548,0.59290924778414,0.09489051094890512,0.7306205745029529,1
0.7707308704106142,0.027781521665881104,0.24124022567554199,0.363600294734455,0.30982523495448894,0.1476535949287766,0.19237581825182903,0.2722827934217068,0.7798755380872164,0.2713892582171238,0
0.1530367150863548,0.6221443493496868,0.6765812135009404,0.5983676245536473,0.5751622976947892,0.4345810536126045,0.5373122834039277,0.5510236096948781,0.09432902863559799,0.7062552178349464,1
0.27038773876243855,0.6565132421322193,0.570177175096506,0.5453154225471858,0.6905523952677748,0.43885527890926945,0.9907585675779746,0.5505529845478077,0.3009545199326221,0.7697040907825979,1
0.40718288916847767,0.7170631444167398,0.8371770761160051,0.4943036898486652,0.6641053218094408,0.934360111515502,0.48987293030419715,0.5800454937642169,0.08478382930937677,0.779351287838966,1
0.27359030081207825,0.690983219893524,0.9111650004949026,0.5473558918551267,0.6910577533593353,1.0,0.5308432807085098,0.5519648599890188,0.09110050533408198,0.7701988188367707,1
0.7460825803499944,0.07419637441876137,0.34791646045728997,0.23496570877968542,0.02329922937518747,0.08078446495858338,0.1880631497882172,0.2849373807095976,0.6031255848774102,0.056429918679076096,0
0.27564909070113236,0.6783475975470046,0.564238345046026,0.5917360993028397,0.6947637126974457,0.4416029951714112,0.6586830958798614,0.551337359792925,0.13363279056709715,0.7725487770940911,1
0.21685920164703193,0.6778421726531438,0.5637434425418193,0.6349260329875871,0.6373213429567333,0.4628214707512838,0.5037350789372352,0.5673386147933172,0.07902863559797867,0.74645187223648,1
0.2584925082923482,0.6664195700518905,0.6587647233495002,0.6325454854616561,0.600767107667189,0.5441844022913707,0.5419329996149403,0.5594948623421445,0.09643458731049973,0.7625305339970935,1
0.3744710053757292,0.6765280679291058,0.5409779273483124,0.6621322904267981,0.6154224923224441,0.4612949617167606,0.6873315363881403,0.5621617381755433,0.1878158338012353,0.7485544664667141,1
0.7399633992908612,0.09515466001752204,0.0,0.13861021368248083,0.15052914509330612,0.22996456892188327,0.10997304582210238,0.232933301958323,0.6476230582070003,0.05896539995671135,0
0.2761065995653666,0.6742031134173463,0.570919528852816,0.5427648359122598,0.652313633006362,0.44175564607486356,0.5317674239507124,0.624441132637854,0.09180235822571589,0.7727961411211774,1
0.27564909070113236,0.6698564593301437,0.5726516876175394,0.5436150314572351,0.5706140748707446,0.44175564607486356,0.5317674239507124,0.5510236096948781,0.09180235822571589,0.7725487770940911,1
1.0,0.08583799447402152,0.14889141839057712,0.06886583914300293,0.3448994929758924,0.2926398161761756,0.047747400847131305,0.18197505686720528,0.8902536028448442,0.0,0
0.3099622555187007,0.6685423546061057,0.6768286647530437,0.6036388369324944,0.5709509802651183,0.5828050808648078,0.5419329996149403,0.5403561063612833,0.09643458731049973,0.7104604062954145,1
0.5710854397803957,0.1726699912393021,0.03127783826586161,0.32724026526101,0.2529582296210519,0.06230567138277732,0.23450134770889486,0.0487097027217821,0.612436833239753,0.4837512754707647,0
0.22440809790689698,0.6866365658063213,0.5882411165000495,0.5419146403672844,0.6447332616329542,1.0,0.5025028879476319,0.5147854733704604,0.07846715328467153,0.7448440060604187,1
0.27656410842960083,0.6760226430352451,0.567950113827576,0.5391940146233634,0.6422064711751516,0.4416029951714112,0.6913361571043513,0.5489842340575731,0.16451431779898934,0.7736619152159797,1
0.19215372297838273,0.9879708875261136,0.5677026625754726,0.464206767556538,0.5037383540875691,0.6994303711023807,0.41286099345398536,0.5463173582241745,0.16311061201572152,0.7270337961102007,1
0.7652407640398033,0.08531572208369842,0.1700732455706226,0.289604942470102,0.28308938544383566,0.21091534302264903,0.14639969195225255,0.20027714591994195,0.7848119034250421,0.1894499242447667,0
0.21731671051126616,0.6725857537569918,0.5944273978026329,0.50620642747832,0.605989141279981,0.44221359878522054,0.6580670003850597,0.5370617303317907,0.13026389668725435,0.7473176463312823,1
0.6415418048724695,0.08344564997641346,0.20949223003068396,0.4227172249617412,0.31378387333837965,0.28449307848666755,0.276010781671159,0.22754725860851832,0.6254679019277555,0.31477072446739435,0
0.8852224636852339,0.13420715681649742,0.09056715826982087,0.15224168225358442,0.03232995996008858,0.5037961869411173,0.08617635733538692,0.2027871467043172,1.0,0.04532945796357568,0
0.13610888710968777,0.6848170361884225,0.5998713253489063,0.5092671314402313,0.6806136861337512,0.8207878393469756,0.5388525221409318,0.5279629774884305,0.0950308815272319,0.7006895272255033,1
0.32368752144572804,0.6846148662308782,0.8116895971493616,0.5262710423397381,0.5751622976947892,0.4390079298127218,0.8629187524066231,0.5540042356263237,0.05572711959573274,0.7376704492749142,1
0.274962827404781,0.6699575443089159,0.5706720776007127,0.5425947968032647,0.571119432962305,0.4412976933645066,0.5342318059299191,0.5507098595968312,0.09292532285233016,0.7721777310534615,1
0.23744710053757295,0.6691488644787386,0.5748787488864694,0.5393640537323584,0.5519158254830053,0.44770903130950407,0.6608394301116673,0.5532198603812064,0.154407636159461,0.752635972913639,1
0.17293835068054447,0.6682390996697892,0.49049787191923194,0.48121067845604487,0.5908283985331654,0.6266158901556238,0.697805159799769,0.5521217350380423,0.16746209994385178,0.7180050091215485,1
0.2747340729726639,0.6653076352853967,0.5711669801049194,0.5427648359122598,0.5719616964482392,0.4416029951714112,0.5339237581825184,0.5491411091065966,0.09166198764738911,0.7730435051482638,1
0.24019215372297842,0.6684412696273335,0.5681975650796793,0.552967182451964,0.582911121765384,0.4437401078197437,0.5376203311513285,0.5591811122440976,0.09446939921392476,0.7533780649948981,1
0.27564909070113236,0.6690477794999664,0.5711669801049194,0.5441251487842204,0.5709509802651183,0.44221359878522054,0.5200616095494802,0.5494548592046435,0.08646827624929815,0.7725487770940911,1
0.28548553128216864,0.6860300559336884,0.5545877462139959,0.5397041319503485,0.6088528371321573,0.45335711473723994,0.703966114747786,0.5585536120480038,0.08520494104435711,0.7572122074147367,1
0.2763353539974837,0.6693510344362829,0.5704246263486094,0.5439551096752253,0.5856063649203733,0.44175564607486356,0.5308432807085098,0.5505529845478077,0.09138124649073555,0.7729198231347206,1
0.26901521216973584,0.6746074533324349,0.5714144313570227,0.5485461656180921,0.6433856400554595,0.43870262800581716,0.580747015787447,0.5507098595968312,0.11412128017967435,0.7689619987013389,1
0.31179229097563765,0.6617696610283713,0.7245867564089875,0.5315422547185853,0.6866779832324774,0.43870262800581716,0.6355795148247979,0.5572986116558162,0.13910724312184167,0.759438483658514,1
0.274962827404781,0.6742031134173463,0.5800752251806395,0.5442951878932154,0.5876277972866154,0.44099239155760195,0.5302271852137082,0.5723586163620676,0.09110050533408198,0.7616647599022912,1
0.7504289145602197,0.10580227778152207,0.3078541027417599,0.23037465283681852,0.18865961633509826,0.14476126202125938,0.13469387755102036,0.22187361100216957,0.7015487553808717,0.24393185121053773,0
0.2751915818368981,0.6744052833748906,0.5706720776007127,0.54310491413025,0.571119432962305,0.44221359878522054,0.9109742010011552,0.5507098595968312,0.08983717012914094,0.7735382332024365,1
0.2717602653551413,0.686434395848777,0.5753736513906761,0.550756674035028,0.7259274616770112,0.44007648613688805,0.810550635348479,0.696133030041572,0.21925884334643458,0.7676014965523639,1
0.2740478096763125,0.6767302378866501,0.5719093338612293,0.6595817037918721,0.5697718113848104,0.4414503442679589,0.5326915671929149,0.6429523884226214,0.09222346996069625,0.7716830029992888,1
0.27450531854054677,0.672686838735764,0.5706720776007127,0.602448563169529,0.49986394205227175,0.44831963492331334,0.810550635348479,0.5599654874892149,0.09067939359910164,0.7719303670263752,1
0.27381905524419536,0.6688456095424221,0.5706720776007127,0.5425947968032647,0.571287885659492,0.4419082969783159,0.5305352329611089,0.5514942348419485,0.09124087591240877,0.7729198231347206,1
0.2740478096763125,0.6705640541815487,0.5706720776007127,0.553137221560959,0.5768468246666577,0.44007648613688805,0.5268386599922988,0.5423954819985881,0.08955642897248738,0.7716830029992888,1
0.2729040375157269,0.6731922636296247,0.572404236365436,0.5453154225471858,0.6614100786544514,0.44267155149557746,0.5283788987293031,0.5511804847439016,0.09025828186412128,0.7710645929315729,1
0.26535514125586185,0.7215108834827145,0.7018212412154806,0.6118007141642577,0.6725279566687828,0.4313753846401058,0.5135926068540624,0.669150521609538,0.08352049410443571,0.766983086484648,1
0.27564909070113236,0.6702607992452323,0.5865089577353262,0.548206087400102,0.5780259935469655,0.43748142077819857,0.5293030419715056,0.5563573613616755,0.09067939359910164,0.7725487770940911,1
0.1999313736703649,0.6738998584810298,0.5892309215084629,0.671654480530522,0.6688219973306724,0.5258662938770922,0.4510589141316904,0.5044317201349126,0.11636720943290287,0.7397730435051483,1
0.2372183461054558,0.6734955185659413,0.6067999604077997,0.5257609250127528,0.5264794682077925,0.460073754489142,0.5308432807085098,0.5052160953800299,0.09138124649073555,0.8174453480102656,1
0.27359030081207825,0.6761237280140172,0.7466099178461844,0.654310491413025,0.6919000168452695,0.44221359878522054,0.53453985367732,0.5508667346458547,0.09306569343065695,0.7727961411211774,1
0.26924396660185296,0.6809758069950806,0.6520835395427101,0.5912259819758544,0.5746569396032287,0.6214257594382449,0.5071236041586447,0.5497686093026904,0.07776530039303763,0.7719303670263752,1
0.23058446757405926,0.6569175820473079,0.6144709492230032,0.5589185512667914,0.5766783719694708,0.5295299155599479,0.7406237966884868,0.5673386147933172,0.0819764177428411,0.6979685229275533,1
0.2669564222806817,0.6466069142125481,0.8106997921409482,0.7092331236184322,0.5645497777720183,0.5220500212907841,0.5286869464767039,0.44748607733939916,0.09208309938236946,0.6906712841285056,1
0.2758778451332495,0.6705640541815487,0.5706720776007127,0.543274953239245,0.5706140748707446,0.4416029951714112,0.5286869464767039,0.5519648599890188,0.09039865244244807,0.7726724591076343,1
0.19535628502802244,0.6659141451580296,0.5691873700880927,0.545825539874171,0.5768468246666577,0.44679312588879017,0.5265306122448979,0.5508667346458547,0.08941605839416059,0.7713119569586593,1
0.2779366350223036,0.6603544713255611,0.704295753736514,0.5016153715354531,0.5756676557863498,0.44908288944057495,0.6750096264921064,0.49674484273276337,0.0853453116226839,0.7568411613741072,1
0.27564909070113236,0.6676325897971562,0.5721567851133327,0.5386838972963781,0.574320034208855,0.44175564607486356,0.5317674239507124,0.5524354851360892,0.09180235822571589,0.7725487770940911,1
0.23241450303099626,0.670058629287688,0.5659705038107493,0.5567080428498554,0.5741515815116682,0.4496934930543842,0.5339237581825184,0.5419248568515178,0.09278495227400338,0.7489255125073436,1
0.7530024019215372,0.132404474695061,0.1947193902801148,0.1496910956186584,0.28554398188855845,0.2200342259394056,0.2440508278783211,0.14150129421915447,0.6704800673778776,0.17120682724714753,0
0.25734873613176257,0.6698564593301437,0.5758685538948828,0.5373235844244176,0.5798789732160208,0.4318333373504627,0.6127839815171352,0.5491411091065966,0.10415496911847277,0.7626542160106367,1
0.2511723664646003,0.6679358447334727,0.5721567851133327,0.5422547185852746,0.5701087167791841,0.44618252227498084,0.5496341932999615,0.5527492352341361,0.0999438517686693,0.7600568937262299,1
0.3232300125814938,0.6690477794999664,0.7560130654261111,0.5601088250297568,0.6093581952237178,0.4049667783428543,0.47878321139776664,0.57973174366617,0.06765861875350927,0.8733496181317831,1
0.15006290746883222,0.6539861176629154,0.5674552113233693,0.5346029586804965,0.5795420678216471,0.44816698401986105,0.3903735078937235,0.5635736136167543,0.0244244806288602,0.8525710398565288,1
0.24385222463685235,0.6869398207426377,0.5706720776007127,0.594966842373746,0.6160963031111915,0.5409787333188719,0.576742395071236,0.5314142285669464,0.11005053340819765,0.7535017470084413,1
0.2676426855770331,0.6853224610822832,0.567207760071266,0.5504165958170378,0.5758361084835366,0.43488635541950915,0.5265306122448979,0.5507098595968312,0.08941605839416059,0.7682199066200798,1
0.7942353883106485,0.055007075948514395,0.17242403246560434,0.18709969959757355,0.015251448045300542,0.21040918476383408,0.16919522525991526,0.19771485345255785,0.790520306943665,0.1596116384774744,0
0.17911472034770676,0.6663184850731182,0.6006136791052163,0.5262710423397381,0.6482707682738779,0.44007648613688805,0.542549095109742,0.5864773707741784,0.09727681078046042,0.7229522896632757,1
0.1967288116207252,0.6683401846485614,0.5545877462139959,0.55551776908689,0.5861117230119338,0.38084793559738767,0.5890643049672699,0.5519648599890188,0.11805165637282426,0.7311153025571256,1
0.1958137938922567,0.6712716490329538,0.5719093338612293,0.5405543274953238,0.6160963031111915,0.4412976933645066,0.43442433577204465,0.5637304886657778,0.046041549691184736,0.770446182863857,1
0.2790804071828892,0.5647280814071031,0.5466693061466892,0.5568780819588505,0.6029569927306179,0.48541380446222726,0.51636503658067,0.5555729861165583,0.08478382930937677,0.7744040072972388,1
0.27747912615806936,0.6712716490329538,0.5694348213401961,0.7027716374766195,0.5724670545397998,0.4429768533024821,0.5320754716981132,0.5503961094987843,0.09194272880404268,0.7735382332024365,1
0.27153151092302413,0.6710694790754095,0.5716618826091261,0.545655500765176,0.5704456221735578,0.44083974065414966,0.550558336542164,0.5510236096948781,0.0982594048287479,0.7719303670263752,1
0.26398261466315914,0.7409191994069682,0.567207760071266,0.560448903247747,0.6262034649424019,0.4416029951714112,0.5228340392760878,0.5700054906267159,0.0877316114542392,0.7662409944033889,1
0.27381905524419536,0.673293348608397,0.5716618826091261,0.5468457745281414,0.5706140748707446,0.44389275872319606,0.5308432807085098,0.553062985332183,0.09138124649073555,0.7716830029992888,1
0.23950589042662704,0.6705640541815487,0.560526576264476,0.5594286685937765,0.576509919272284,0.4271011593434408,0.5102040816326531,0.5391011059690957,0.0819764177428411,0.7530070189542686,1
0.847535170993938,0.12024058224947765,0.1101158071859844,0.3059853766366264,0.10407229767627729,0.2843243590670631,0.048286484405082764,0.2731978978743431,0.8828841474826881,0.24516867134596954,0
0.16973578863090474,0.6638924455825865,0.6832623973077304,0.627104233973814,0.6496183898513725,0.4496934930543842,0.5591836734693878,0.5599654874892149,0.09769792251544077,0.6836214093565444,1
0.256204963971177,0.6794595323134983,0.6654459071562903,0.6136711443632035,0.6315939512523807,0.8412430604095865,0.5179052753176743,0.4760373362616676,0.08548568220101067,0.710089360254785,1
0.23515955621640172,0.6730911786508526,0.5840344452142928,0.6590715864648868,0.5968926956318916,0.4620582162340222,0.687639584135541,0.5436504823907757,0.0682201010668164,0.7538727930490708,1
0.9120439208509665,0.09763124199743989,0.09742155795308322,0.15314855750155926,0.02905068575056724,0.25911285722319966,0.10204081632653061,0.21941590190080318,0.9750140370578326,0.1377817630871031,0
0.24751229555072632,0.6761237280140172,0.5704246263486094,0.520999829960891,0.5497259404195765,0.5220500212907841,0.7566422795533307,0.49643109263471646,0.20437956204379565,0.7588200735907981,1
0.17110831522360748,0.6447873845946493,0.7089973275264774,0.46811766706342456,0.4963264354113481,0.37245213590751003,0.3909896033885252,0.6415405129814103,0.027653003930376202,0.7160260969048576,1
0.19123870524991426,0.6688456095424221,0.5808175789369494,0.5449753443291957,0.571287885659492,0.4419082969783159,0.5302271852137082,0.5510236096948781,0.0909601347557552,0.7724250950805479,1
0.19718632048495943,0.6666217400094347,0.6164505592398298,0.47968032647508924,0.5072758607284927,0.47732330657925426,0.5006546014632268,0.6424817632755511,0.03761931499157777,0.7264153860424848,1
0.6161500629074688,0.057702675382438895,0.35390478075819065,0.40132063707986176,0.14095603384603428,0.08775820096893217,0.14147092799383898,0.23633226135383167,0.6239238255661609,0.21737113880213976,0
0.2481985588470777,0.6889615203180809,0.7636840542413146,0.6010882502975684,0.7240744820079559,0.552427551077796,0.49757412398921835,0.5919679974899993,0.07551937113980911,0.7880090287869886,1
0.2669564222806817,0.6879506705303593,0.8040186083341583,0.6284645468457745,0.5642128723776446,0.4377867225851032,0.8484405082787833,0.5474154835673386,0.15609208309938238,0.7671067684981911,1
0.740306530939037,0.14536019947435808,0.05500841334257156,0.30992461599501275,0.18415952285310622,0.16840608354021536,0.21108971890643047,0.1515412973566554,0.9936131386861314,0.2038897993259331,0
0.26855770330550155,0.6745063683536627,0.5615163812728893,0.543274953239245,0.5958819794487706,0.4812922300690146,0.5339237581825184,0.5497686093026904,0.09278495227400338,0.767725178565907,1
0.28251172366464605,0.6046566480221041,0.5907156290210829,0.5577282775038258,0.4879038005520061,0.432443940964272,0.8681555641124374,0.48654796454623894,0.1697080291970803,0.7159024148913145,1
0.27221777421937554,0.6689466945211943,0.570919528852816,0.5459955789831661,0.5704456221735578,0.44312950420593444,0.5317674239507124,0.5508667346458547,0.09180235822571589,0.7706935468909434,1
0.2777078805901865,0.6671271649032955,0.6671780659210136,0.48121067845604487,1.0,0.6896607132814322,0.6586830958798614,0.48795983998745,0.1486524424480629,0.7735382332024365,1
0.27564909070113236,0.6722824988206754,0.6149658517272097,0.5439551096752253,0.5707825275679315,0.4414503442679589,0.5308432807085098,0.5507098595968312,0.09138124649073555,0.7725487770940911,1
0.27656410842960083,0.6649032953703081,0.572404236365436,0.5425947968032647,0.5731408653285471,0.44435071143355304,0.5370042356565268,0.5521217350380423,0.09208309938236946,0.7739092792430661,1
0.27564909070113236,0.6708673091178652,0.5696822725922993,0.5395340928413535,0.5701087167791841,0.4425189005921252,0.6713130535232962,0.5485136089105028,0.15539023020774845,0.7734145511888934,1
0.28182546036829464,0.6727879237145361,0.5922003365337029,0.516068695800034,0.5997563914840679,0.544337053194823,0.576742395071236,0.5230998509687035,0.11229646266142618,0.7736619152159797,1
0.18597735331122042,0.6689466945211943,0.601850935365733,0.47049821458935553,0.5082865769116137,0.38390095366643406,0.4190219484020023,0.5718879912149973,0.04042672655811343,0.7288890263133484,1
0.2575774905638797,0.6689466945211943,0.5639908937939226,0.5592586294847814,0.5581485752789184,0.44526661685426694,0.5323835194455141,0.6123617538630481,0.09208309938236946,0.7635199901054389,1
0.4010065195013154,0.6960374688321317,0.6973671186776206,0.5442951878932154,0.589143871561297,0.4300015265090349,0.5539468617635733,0.5343948544983921,0.10190903986524424,0.7746513713243252,1
0.2761065995653666,0.6806725520587642,0.5706720776007127,0.5439551096752253,0.7698936156427765,1.0,0.5397766653831344,0.6140873794023061,0.08927568781583381,0.7395256794780619,1
0.273132791947844,0.6722824988206754,0.5862615064832228,0.5437850705662302,0.5707825275679315,0.44175564607486356,0.5308432807085098,0.569691740528669,0.09138124649073555,0.7711882749451161,1
0.2758778451332495,0.6697553743513714,0.5704246263486094,0.5514368304710083,0.5714563383566788,0.440534438847245,0.5317674239507124,0.5519648599890188,0.09180235822571589,0.7726724591076343,1
0.22692439666018532,0.6882539254666757,0.5976442640799763,0.6323754463526611,0.5822373109766366,0.47228582676532765,0.5533307662687716,0.5795748686171465,0.08380123526108928,0.7619121239293776,1
0.1990163559418964,0.6689466945211943,0.6679204196773236,0.4995749022275123,0.5180568333484504,0.575783139306001,0.5785906815556412,0.5030198446937015,0.11215609208309939,0.7856590705296682,1
0.2681001944412673,0.682492081676663,0.5706720776007127,0.5301819418466247,0.6705065243025408,0.5327355845324466,0.5770504428186369,0.5652992391560123,0.11243683323975295,0.6928975603722829,1
0.18643486217545469,0.6415526652739404,0.5810650301890528,0.6713144023125318,0.5231104142640557,0.5063269782351951,0.5308432807085098,0.48717546474233275,0.09138124649073555,0.7243127918122507,1
0.23355827519158187,0.6825931666554351,0.5644857962981293,0.543274953239245,0.6275510865198966,0.4416029951714112,0.5634963419329997,0.5524354851360892,0.09334643458731051,0.7447203240468755,1
0.24545350566167223,0.7032145023249546,0.5600316737602693,0.5123278354021424,0.5701087167791841,0.48388729542770403,0.49819021948402004,0.539571731116166,0.07650196518809659,0.7657462663492162,1
0.2751915818368981,0.670766224139093,0.5706720776007127,0.5468457745281414,0.5778575408497787,0.440534438847245,0.5317674239507124,0.5505529845478077,0.09180235822571589,0.7723014130670047,1
0.26832894887338443,0.666823909966979,0.9069583292091459,0.43904097942526776,0.5748253923004156,0.496252018607342,0.7492491336157104,0.4418385755745549,0.09615384615384616,0.769085680714882,1
0.27542033626901524,0.6709683940966373,0.572404236365436,0.5425947968032647,0.5709509802651183,0.4425189005921252,0.5289949942241048,0.5511804847439016,0.09053902302077485,0.7723014130670047,1
0.2751915818368981,0.6819866567828022,0.6859843610808671,0.614691379017174,0.6475969574851305,0.4429768533024821,0.5317674239507124,0.5516511098909719,0.09180235822571589,0.7746513713243252,1
0.2932631819741508,0.6548958824718648,0.5956646540631496,0.4473728957660262,0.46937400386145367,0.4628214707512838,0.5336157104351175,0.45768295552592364,0.09124087591240877,0.7838038403265205,1
0.2216630447214915,0.6691488644787386,0.5733940413738494,0.5158986566910388,0.5318699545177713,0.45976845268223737,0.5376203311513285,0.5916542473919524,0.09081976417742842,0.7502860146563186,1
0.2381333638339243,0.6670260799245233,0.6270909630802732,0.5993878592076177,0.5842587433428786,0.47442293941366015,0.4929534077782056,0.55792611185191,0.07425603593486806,0.7333415788009029,1
0.1765984215944184,0.6544915425567762,0.5766109076511927,0.48410134330896104,0.4996954893550849,0.44175564607486356,0.5366961879091259,0.4857635893011217,0.09404828747894442,0.7201076033517826,1
0.27564909070113236,0.6601523013680168,0.7565079679303177,0.5669103893895595,0.5679188317157552,0.4428242023990298,0.7609549480169426,0.6696211467566084,0.08969679955081415,0.7672304505117343,1
0.2726752830836098,0.6745063683536627,0.5706720776007127,0.5970073116816867,0.6267088230339624,0.44099239155760195,0.5320754716981132,0.5927523727351165,0.09194272880404268,0.7711882749451161,1
0.1566967860002288,0.6757193880989286,0.5788379689201227,0.649549396361163,0.6214867894211703,0.41611029429487373,0.45629572583750483,0.566240489450153,0.09839977540707469,0.7747750533378683,1
0.271302756490907,0.6669249949457512,0.5748787488864694,0.5349430368984867,0.4749329428686194,0.712863650606185,0.6999614940315749,0.4620754568985803,0.09404828747894442,0.7098419962276986,1
0.2063364977696443,0.6721814138419032,0.7174106700979908,0.67896616221731,0.5205836238062531,0.5342620935669699,0.9886022333461687,0.5982429994509374,0.2923919146546884,0.7333415788009029,1
0.26352510579892485,0.6699575443089159,0.5706720776007127,0.5442951878932154,0.5721301491454261,0.440534438847245,0.5428571428571429,0.5503961094987843,0.09124087591240877,0.7663646764169321,1
0.7781082008463913,0.1056674978098261,0.21656933584083937,0.21226548772884368,0.22759625405628547,0.15991387275342184,0.18336542164035424,0.22169059011164322,0.7489472206625492,0.0349092483225627,0
0.16584696328491366,0.6715749039692703,0.5600316737602693,0.5424247576942697,0.5724670545397998,0.44862493673021797,0.8549095109742011,0.553062985332183,0.09334643458731051,0.8514579017346402,1
0.1281024819855885,0.6246714738189907,0.5788379689201227,0.5337527631355211,0.4644888756430353,0.4464878240818855,0.550558336542164,0.4492117028786572,0.10527793374508704,0.7828143842181751,1
0.20336269015212172,0.709987195902689,0.6080372166683163,0.6136711443632035,0.5492205823280158,0.4035929202117834,0.6537543319214478,0.5805161189112872,0.14738910724312185,0.7363099471259392,1
0.27656410842960083,0.6741020284385741,0.570177175096506,0.5415745621492943,0.5706140748707446,0.44175564607486356,0.5317674239507124,0.6200486312651974,0.09152161706906232,0.7730435051482638,1
0.2594075260208167,0.6685423546061057,0.5659705038107493,0.5330726066995408,0.5717932437510524,0.44175564607486356,0.5323835194455141,0.5400423562632364,0.09208309938236946,0.7627778980241798,1
0.05078348393000118,0.5464653952422668,0.03028803325744822,0.2938842600464768,0.4006453034092229,0.20914780624583285,0.18629187524066226,0.3359479174837242,0.11414467527606219,0.44064809375096625,0
0.20565023447329295,0.6697553743513714,0.5902207265168762,0.6111205577282774,0.6445648089357674,0.4930463496348433,0.6198690797073547,0.5496117342536669,0.1332116788321168,0.7370520392071983,1
0.273132791947844,0.672686838735764,0.570919528852816,0.5459955789831661,0.6433856400554595,0.4416029951714112,0.5296110897189065,0.551337359792925,0.09081976417742842,0.7719303670263752,1
0.2747340729726639,0.6698564593301437,0.5704246263486094,0.5425947968032647,0.5908283985331654,0.44175564607486356,0.5333076626877166,0.5510236096948781,0.09250421111734981,0.7720540490399184,1
0.2747340729726639,0.67531504818384,0.5711669801049194,0.619792552287026,0.569098000596063,0.44175564607486356,0.5293030419715056,0.5529061102831595,0.09067939359910164,0.7730435051482638,1
0.2740478096763125,0.6719792438843589,0.5726516876175394,0.5476959700731168,0.574320034208855,0.4419082969783159,0.5314593762033115,0.5507098595968312,0.09166198764738911,0.7715593209857456,1
0.8020130390026308,0.11602870813397193,0.14866871226368406,0.3885110242022331,0.3556082715827703,0.20405408662537142,0.25290720061609545,0.15295317279786652,0.62106962380685,0.25778423672737394,0
0.2763353539974837,0.6695532043938272,0.5706720776007127,0.540724366604319,0.5699402640819973,0.4330545445780813,0.5320754716981132,0.5678092399403876,0.09194272880404268,0.7729198231347206,1
0.2399633992908613,0.6675315048183841,0.5874987627437396,0.5987077027716374,0.6339522890129965,0.43061213012284416,0.510512129380054,0.5507098595968312,0.0821167883211679,0.7794749698525092,1
0.3037858858515384,0.6537839477053711,0.5922003365337029,0.5442951878932154,0.4841978412138956,0.4303068283159395,0.5721216788602234,0.5635736136167543,0.11019090398652442,0.7105840883089577,1
0.2717602653551413,0.6673293348608398,0.5951697515589429,0.54310491413025,0.5714563383566788,0.41275197441892264,0.5776665383134386,0.5502392344497608,0.11271757439640652,0.8687733836306855,1
0.27679286286171795,0.6689466945211943,0.5721567851133327,0.5990477809896275,0.5687610952016894,0.44236624968867283,0.5333076626877166,0.5510236096948781,0.09250421111734981,0.773167187161807,1
0.274962827404781,0.6735966035447134,0.572404236365436,0.545655500765176,0.5707825275679315,0.44175564607486356,0.5339237581825184,0.5516511098909719,0.09278495227400338,0.7721777310534615,1
0.2758778451332495,0.6690477794999664,0.5706720776007127,0.5429348750212548,0.571119432962305,0.44175564607486356,0.5354639969195225,0.5510236096948781,0.09194272880404268,0.7726724591076343,1
0.27656410842960083,0.6681380146910171,0.5716618826091261,0.5412344839313041,0.5702771694763709,0.4425189005921252,0.5320754716981132,0.551337359792925,0.09194272880404268,0.7719303670263752,1
0.1598993480498685,0.6631848507311815,0.8507868949816886,0.49090290766876377,0.6169385665971256,0.5499851366225589,0.6990373507893723,0.567966114989411,0.16549691184727683,0.7419993197489255,1
0.737847420793778,0.05296852887660897,0.28352964466000197,0.3979765346029587,0.3135071296215739,0.119284629660874,0.1987678090103966,0.18137370251261592,0.6844469399213924,0.09675025509415291,0
0.29097563765297957,0.6692499494575107,0.5926952390379095,0.45621492943376973,0.5707825275679315,0.5244924357460213,0.5539468617635733,0.4620754568985803,0.10190903986524424,0.7533780649948981,1
0.26055129818140227,0.6705640541815487,0.5565673562308225,0.5820438700901207,0.7087452865639534,0.43503900632296144,0.5379283788987294,0.5803592438622638,0.09460976979225155,0.7609226678210321,1
0.2582637538602311,0.6689466945211943,0.5768583589032961,0.5425947968032647,0.5783628989413392,0.5032739601661488,0.540700808625337,0.5549454859204644,0.07987085906793936,0.7640147181596116,1
0.22257806244995998,0.666823909966979,0.607789765416213,0.6131610270362183,0.5724670545397998,0.4377867225851032,0.6143242202541395,0.5532198603812064,0.1275968556990455,0.7438545499520732,1
0.6331350794921652,0.0,0.22819954468969617,0.00447769653686958,0.07769556710248254,0.20652863811291441,0.13292260300346553,0.18916516328077965,0.5929019277559419,0.04860703132246991,0
0.37515726867208055,0.6689466945211943,0.5229139859447689,0.6555007651759904,0.5182252860456373,0.4180947560397539,0.5419329996149403,0.5547886108714409,0.09896125772038182,0.8061902847778362,1
0.06382248656067713,0.6415526652739404,0.574631297634366,0.38836932494473725,0.6769077267956407,0.45259386021997833,0.8133230650750867,0.4121891913091223,0.21967995508141497,0.6571534584583036,1
0.27564909070113236,0.6730911786508526,0.5714144313570227,0.5427648359122598,0.6614100786544514,0.44267155149557746,0.5342318059299191,0.5522786100870657,0.09292532285233016,0.7725487770940911,1
0.27725037172595224,0.6769324078441945,0.778036226863308,0.5391940146233634,0.5729724126313603,0.4373287698747463,0.5271467077396996,0.5505529845478077,0.08969679955081415,0.7729198231347206,1
0.274962827404781,0.670058629287688,0.5706720776007127,0.5449753443291957,0.5706140748707446,0.43671816626093696,0.5311513284559107,0.5507098595968312,0.09152161706906232,0.771806685012832,1
0.35045179000343135,0.6681380146910171,0.6166980104919332,0.5442951878932154,0.580721236701955,0.4788498156137775,0.8114747785906816,0.5643579888618716,0.1924480628860191,0.7379178133020006,1
0.8204849593960883,0.11647685153986154,0.2609373453429675,0.04463526611120561,0.30812589895429676,0.05444013272594356,0.1926068540623796,0.04233011739482784,0.6866460789818459,0.09418385331313195,0
0.2751915818368981,0.670766224139093,0.5714144313570227,0.540894405713314,0.6081790263434099,0.43839732619891253,0.5311513284559107,0.5932229978821869,0.09152161706906232,0.7725487770940911,1
0.722177742193755,0.07069209515466068,0.1254577848163912,0.2168565436717106,0.3914886960835673,0.12438638353941228,0.20546784751636504,0.23933903312678173,0.7045199326221224,0.3213877121919545,0
0.2717602653551413,0.6749107082687513,0.5815599326932595,0.5543274953239244,0.6230028636958519,0.4416029951714112,0.5262225644974972,0.5732998666562084,0.08927568781583381,0.770446182863857,1
0.2882305844675741,0.6691488644787386,0.9534791646045729,0.5427648359122598,0.5867855338006812,0.7621698924212845,0.5320754716981132,0.5042748450858892,0.0909601347557552,0.7328468507467302,1
0.25597620953905986,0.6708673091178652,0.5714144313570227,0.5415745621492943,0.5709509802651183,0.4403817879437927,0.5477859068155564,0.5965173739116794,0.0991016282987086,0.7619121239293776,1
0.27153151092302413,0.6683401846485614,0.5719093338612293,0.5453154225471858,0.5709509802651183,0.4419082969783159,0.5323835194455141,0.5541611106753471,0.09208309938236946,0.7727961411211774,1
0.2779366350223036,0.6807736370375363,1.0,0.8112565890154735,0.5697718113848104,0.43961853342653107,0.5323835194455141,0.5518079849399954,0.09208309938236946,0.775888191459757,1
0.27153151092302413,0.6743041983961184,0.5652281500544393,0.5131780309471178,0.5687610952016894,0.42984887560558255,0.5850596842510589,0.5660836144011295,0.1160864682762493,0.7506570606969482,1
0.26832894887338443,0.6923984095963341,0.7819954468969613,0.7172249617412004,0.7185155430007902,0.5542593619192239,0.81455525606469,0.7014667817083693,0.08759124087591241,0.857518320398256,1
0.2340157840558161,0.6566143271109914,0.5372661585667624,0.5694609760244856,0.5773521827582182,0.44175564607486356,0.5724297266076243,0.6630323946976234,0.10836608646827625,0.7485544664667141,1
0.2145716573258607,0.6951277040231822,0.5892309215084629,0.5548376126509097,0.5825742163710103,0.4338177990953429,0.5308432807085098,0.5905561220487882,0.09138124649073555,0.7441019139791596,1
0.19055244195356288,0.6439787047644722,0.6758388597446303,0.5490562829450774,0.7001541990074246,0.452441209316526,0.7061224489795919,0.5507098595968312,0.1712521055586749,0.7789802417983365,1
0.22692439666018532,0.6467079991913203,0.5706720776007127,0.545655500765176,0.5808896893991419,0.4359549117436754,0.5554871005005776,0.5598086124401914,0.10261089275687817,0.7462045082093937,1
0.17591215829806706,0.6821888267403465,0.6023458378699397,0.6138411834721985,0.5037383540875691,0.47518619393092176,0.40423565652676163,0.5527492352341361,0.03368893879842786,0.7212207414736712,1
0.2164016927827977,0.7077633263697015,0.6080372166683163,0.548036048291107,0.5434931906236633,0.4347337045160568,0.5496341932999615,0.6153423797944937,0.09952274003368894,0.7020500293744782,1
0.1967288116207252,0.6689466945211943,0.6080372166683163,0.5550076517599047,0.6738755782462775,0.5628078125125537,0.5976896418944937,0.5343948544983921,0.11468276249298148,0.7547385671438731,1
0.2154866750543292,0.66874452456365,0.5610214787686826,0.6077197755483761,0.6145802288365099,0.4434348060128391,0.6257219869079708,0.5538473605773002,0.13461538461538464,0.7382888593426301,1
0.26398261466315914,0.660253386346789,0.5706720776007127,0.5402142492773337,0.6895416790846537,0.42450609398475136,0.5517905275317675,0.5598086124401914,0.09166198764738911,0.7795986518660524,1
0.2584925082923482,0.6794595323134983,0.6644561021478769,0.5599387859207617,0.6459124305132621,0.44236624968867283,0.6783981517135156,0.5505529845478077,0.15861875350926447,0.7676014965523639,1
0.7523733272332152,0.06781117325965436,0.35293972087498765,0.09547695970073117,0.1543674601220627,0.10263764692649574,0.16688486715440892,0.2555233090177002,0.7106260527793374,0.13908042422930655,0
0.5953334095848107,0.04938001213019749,0.3547213698901317,0.25372669047214247,0.11336866520674177,0.27350221343810044,0.1882171736619176,0.29678144691086833,0.5714252292719442,0.07015862218236912,0
0.2051927256090587,0.6634881056674979,0.6023458378699397,0.6833871790511817,0.5894807769556707,0.404814127439402,0.5736619175972276,0.567966114989411,0.10934868051656374,0.7351968090040506,1
0.2628388425025735,0.7021025675584609,0.6857369098287638,0.5374936235334127,0.571287885659492,0.44221359878522054,0.5326915671929149,0.5533767354302299,0.09222346996069625,0.7657462663492162,1
0.16127187464257123,0.664195700518903,0.7015737899633773,0.5400442101683387,0.7479947650084873,0.44618252227498084,0.5468617635733539,0.5108635971448742,0.10092644581695677,0.7141708667017099,1
0.19329749513896835,0.6046566480221041,0.6082846679204197,0.5417446012582894,0.5810581420963287,0.33123639197538346,0.7640354254909512,0.44105420032943765,0.10597978663672095,0.7735382332024365,1
0.27244652865149266,0.6734955185659413,0.5716618826091261,0.5459955789831661,0.6935845438171379,0.4397711843299834,0.5311513284559107,0.5511804847439016,0.08913531723750702,0.7706935468909434,1
0.2390483815623928,0.6616685760495992,0.534049292289419,0.5371535453154225,0.5707825275679315,0.43870262800581716,0.5382364266461301,0.4391716997411562,0.09475014037057833,1.0,1
0.27564909070113236,0.6721814138419032,0.5728991388696427,0.5427648359122598,0.5696033586876236,0.44267155149557746,0.5379283788987294,0.5527492352341361,0.09222346996069625,0.7730435051482638,1
0.20908155095504977,0.6735966035447134,0.6001187766010097,0.5045060363883693,0.642880281963899,0.45595218009592936,0.5622641509433962,0.511491097340968,0.10359348680516564,0.7374230852478278,1
0.30927599222234936,0.6717770739268146,0.6305552806097199,0.48223091311001526,0.4996954893550849,0.47488089212401713,0.5912206391990759,0.45831045572201745,0.1186131386861314,0.7372994032342847,1
0.26718517671279884,0.6714738189904981,0.5983866178362863,0.5420846794762795,0.5709509802651183,0.4377867225851032,0.6201771274547555,0.5472586085183152,0.13180797304884898,0.7334652608144461,1
0.6960997369324031,0.11810095019880118,0.2246115015341978,0.1858244062801105,0.2917526670134444,0.0,0.5785906815556412,0.043925013726566764,0.7164046415871238,0.5536316131226616,0
0.24796980441496058,0.6718781589055868,0.6013560328615263,0.5278013943206937,0.5899861350472312,0.476712702965445,0.6854832499037351,0.5486704839595262,0.16184727681078048,0.7604279397668594,1
0.6790003431316483,0.11510209582856024,0.2675690388993368,0.22286459218953747,0.25584817784162023,0.14954164557673932,0.14385829803619554,0.23607080293879207,0.5134053902302078,0.27012151757830627,0
0.27725037172595224,0.6711705640541816,0.5704246263486094,0.5391940146233634,0.6294040661889517,0.44221359878522054,0.5366961879091259,0.5514942348419485,0.09278495227400338,0.7736619152159797,1
0.820828091044264,0.021446862996159166,0.13453924576858362,0.03083375843110525,0.23256560862329723,0.23913969164517618,0.0428956488255679,0.19125683060109339,0.9458403518622501,0.2592993413932779,0
0.2758778451332495,0.6752139632050679,0.568692467583886,0.4745791532052372,0.5699402640819973,1.0,0.5348479014247208,0.5505529845478077,0.09250421111734981,0.7703225008503138,1
0.27381905524419536,0.6813801469101692,0.5647332475502327,0.7194354701581364,0.5906599458359786,0.4399238352334357,0.544705429341548,0.6258530080790651,0.09769792251544077,0.7715593209857456,1
0.38156239277135995,0.6637913606038144,0.7505691378798377,0.6303349770447202,0.5035699013903823,0.44770903130950407,0.5641124374278014,0.4840379637618637,0.10654126895002808,0.7765066015274729,1
0.25071485760036605,0.6677336747759284,0.5899732752647728,0.5442951878932154,0.5584854806732921,0.45808929274426186,0.5619561031959954,0.5651423641069888,0.1055586749017406,0.7525122909000959,1
0.27564909070113236,0.6710694790754095,0.5711669801049194,0.5410644448223091,0.571287885659492,0.4377867225851032,0.5351559491721217,0.5508667346458547,0.09138124649073555,0.7732908691753502,1
0.27564909070113236,0.6723835837994475,0.568692467583886,0.5434449923482401,0.5931867362937812,0.44083974065414966,0.5742780130920293,0.5502392344497608,0.11117349803481191,0.7725487770940911,1
0.2717602653551413,0.677235662780511,0.5706720776007127,0.5439551096752253,0.6336153836186228,0.4406870897506973,0.5363881401617251,0.6070280021962507,0.09222346996069625,0.7710645929315729,1
0.27564909070113236,0.6688456095424221,0.5580520637434426,0.5495664002720625,0.5706140748707446,0.44175564607486356,0.5317674239507124,0.5524354851360892,0.09180235822571589,0.7725487770940911,1
0.16927827976667048,0.6765280679291058,0.6110066316935564,0.5565380037408604,0.6570303085275936,0.4171788506190399,0.7051983057373893,0.468193583810495,0.07888826501965189,0.7154076868371417,1
0.14068397575203023,0.6793584473347262,0.7008314362070672,0.5327325284815507,0.6627577002319461,0.44312950420593444,0.705814401232191,0.6316573848929328,0.16872543514879285,0.7050183976995146,1
0.273132791947844,0.6745063683536627,0.6892012273582104,0.5436150314572351,0.621823694815544,0.44099239155760195,0.514516750096265,0.5740842419013257,0.08394160583941607,0.7713119569586593,1
0.22120553585725727,0.728991171911854,0.5993764228446996,0.597687468117667,0.5754992030891629,0.476254750255088,0.48340392760877937,0.5751823672444898,0.06976417742841101,0.7500386506292323,1
0.27061649319455566,0.6724846687782197,0.5832920914579828,0.5492263220540724,0.5709509802651183,0.4394658825230788,0.6204851752021564,0.5494548592046435,0.1322290847838293,0.7698277727961411,1
0.1681345076060849,0.666217400094346,0.5716618826091261,0.5344329195715014,0.5761730138779103,0.4441980605301007,0.5394686176357335,0.6117342536669543,0.09376754632229085,0.7199839213382394,1
0.27679286286171795,0.66874452456365,0.5699297238444027,0.5385138581873831,0.5739831288144813,0.4412976933645066,0.6787061994609165,0.5472586085183152,0.15875912408759124,0.7762592375003865,1
0.2813679515040604,0.6533796077902825,0.5884885677521529,0.41081448733208636,0.5684241898073157,0.5228132758080458,0.5440893338467463,0.4156404423876383,0.09152161706906232,0.7726724591076343,1
0.6012810248198559,0.13983422063481432,0.3946105117291894,0.324689678626084,0.22776470675347232,0.07777161817991962,0.2332691567192915,0.2371950741234607,0.5468369829683704,0.15175783061748238,0
0.7335582751915819,0.10162409865893995,0.1995694348213402,0.23677945927563337,0.2215680539640983,0.15137345641816718,0.18898729303041967,0.29165686197610324,0.6251871607711019,0.20370427630561827,0
0.1146059704906783,0.6212345845407374,0.5743838463822627,0.43036898486651926,0.6267088230339624,0.4930463496348433,0.4319599537928379,0.4443485763589301,0.04407636159460977,0.7311153025571256,1
0.25711998169964545,0.6689466945211943,0.572404236365436,0.48274103043700045,0.622834410998665,0.3837483027629817,0.5878321139776665,0.49580359243862265,0.11734980348119035,0.7591911196314276,1
0.9099851309619125,0.06963070287755313,0.08846382262694247,0.15853312928640195,0.2966257628963491,0.16373817959780512,0.06361185983827489,0.18030172301095454,0.837357289912034,0.12816548653412074,0
0.7786800869266841,0.14210863265718776,0.06193704840146497,0.3141472538683897,0.1067106606997495,0.1193971092739452,0.02872545244512903,0.02146573587470857,0.8674199887703538,0.1385238551683622,0
0.23081322200617638,0.6372060111867378,0.7263189151737108,0.5101173269852066,0.5416402109546081,0.41488908706725514,0.6731613400077012,0.6098517530786729,0.15623245367770916,0.7499149686156891,1
0.30881848335811507,0.6706651391603209,0.5706720776007127,0.5527971433429688,0.6322677620411281,0.4532044638337876,0.48309587986137853,0.5604361126362852,0.06962380685008424,0.7612937138616617,1
0.25917877158869956,0.669452119415055,0.5699297238444027,0.54310491413025,0.5832480271597575,0.4330545445780813,0.5551790527531768,0.5507098595968312,0.10247052217855138,0.7711882749451161,1
0.2472835411186092,0.6690477794999664,0.5662179550628527,0.5888454344499234,0.5758361084835366,0.4351916572264138,0.6660762418174817,0.5445917326849165,0.09629421673217295,0.7572122074147367,1
0.2729040375157269,0.6709683940966373,0.5716618826091261,0.543274953239245,0.5736462234201077,0.43961853342653107,0.5262225644974972,0.5453761079300338,0.08927568781583381,0.7710645929315729,1
0.2729040375157269,0.6630837657524093,0.5726516876175394,0.5459955789831661,0.5771837300610313,0.36085066724513365,0.6845591066615326,0.5514942348419485,0.09011791128579451,0.7105840883089577,1
0.4476724236532083,0.6468090841700924,0.5753736513906761,0.5453154225471858,0.5771837300610313,0.4455719186611716,0.5394686176357335,0.5503961094987843,0.09531162268388546,0.7763829195139297,1
0.27336154637996113,0.670766224139093,0.572404236365436,0.545655500765176,0.5780259935469655,0.4420609478817682,0.5289949942241048,0.5511804847439016,0.09053902302077485,0.771806685012832,1
0.25071485760036605,0.6679358447334727,0.5706720776007127,0.5402142492773337,0.5847641014344391,0.45808929274426186,0.556719291490181,0.5078829712134285,0.1031723750701853,0.7609226678210321,1
0.7029623698959168,0.0860064694386421,0.23151539146788086,0.2830300969222921,0.2394481045369305,0.12612981754199942,0.20777820562187133,0.2431824718278563,0.7364308440950772,0.24291147459880646,0
0.22006176369667166,0.6782465125682324,0.5909630802731862,0.5368134670974324,0.6043046143081126,0.44404540962664835,0.544705429341548,0.5580829869009335,0.09769792251544077,0.764262082186698,1
0.2809104426398262,0.6518633331087001,0.5753736513906761,0.5422547185852746,0.6486076736682516,0.4351916572264138,0.7165960723912207,0.5502392344497608,0.17602470522178554,0.7035342135369964,1
0.24911357657554617,0.6689466945211943,0.5820548351974661,1.0,0.550231298511137,0.46663774333759184,0.6174046977281479,0.5516511098909719,0.07930937675463223,0.7330942147738165,1
0.18391856342216634,0.6587371116652067,0.5758685538948828,0.5346029586804965,0.5761730138779103,0.3794740774663168,0.5450134770889488,0.5536904855282768,0.09783829309376756,0.7254259299341393,1
0.27381905524419536,0.6748096232899792,0.5721567851133327,0.5485461656180921,0.6720225985772224,0.4420609478817682,0.5296110897189065,0.5522786100870657,0.09081976417742842,0.7711882749451161,1
0.213199130733158,0.6697553743513714,0.5852717014748096,0.5993878592076177,0.6068314047659152,0.4351916572264138,0.4978821717366192,0.5538473605773002,0.0763615946097698,0.7868958906651,1
0.2751915818368981,0.6718781589055868,0.5716618826091261,0.5459955789831661,0.5697718113848104,0.4464878240818855,0.5296110897189065,0.5514942348419485,0.09081976417742842,0.7723014130670047,1
0.086011666476038,0.6069816025338636,0.6164505592398298,0.5516068695800034,0.6922369222396432,0.4406870897506973,0.5336157104351175,0.5507098595968312,0.08983717012914094,0.7708172289044866,1
0.7059361775134394,0.05569782330345718,0.09232406215975453,0.2128889644618262,0.17117385614139569,0.15957643391421134,0.19314593762033117,0.17036630323946972,0.8042532285233015,0.12844377106459293,0
0.25437492851424,0.677943257631916,0.6921706423834505,0.6043189933684747,0.6132326072590151,0.4231322358536804,0.6734693877551021,0.5802023688132403,0.13924761370016847,0.7616647599022912,1
0.27153151092302413,0.6698564593301437,0.5706720776007127,0.5439551096752253,0.5716247910538657,0.4420609478817682,0.548710050057759,0.5507098595968312,0.09952274003368894,0.7703225008503138,1
0.22738190552441956,0.6701597142664601,0.5350390972978324,0.5419146403672844,0.6150855869280704,0.4154996906810644,0.5166730843280709,0.6051455016079693,0.07706344750140372,0.7520175628459231,1
0.2758778451332495,0.66874452456365,0.5669603088191627,0.5565380037408604,0.5898176823500444,0.43931323161962643,0.5671929149018098,0.5535336104792533,0.09292532285233016,0.7725487770940911,1
0.22417934347477986,0.686434395848777,0.5157378996337721,0.573031797313382,0.5719616964482392,0.4419082969783159,0.53453985367732,0.5850654953329674,0.09306569343065695,0.7460808261958505,1
0.3211712226924397,0.6743041983961184,0.5887360190042562,0.607549736439381,0.5753307503919761,0.4359549117436754,0.5216018482864844,0.5820848694015217,0.08717012914093207,0.7983983179246158,1
0.273132791947844,0.672686838735764,0.5706720776007127,0.5448053052202007,0.571287885659492,0.4419082969783159,0.5320754716981132,0.5508667346458547,0.09194272880404268,0.7711882749451161,1
0.33329520759464715,0.6834018464856123,0.598139166584183,0.5329025675905458,0.6110427221955862,0.4309174319297488,0.7526376588371197,0.5392579810181191,0.18163952835485683,0.8498500355585789,1
0.179572229211941,0.6631848507311815,0.5726516876175394,0.5356231933344668,0.5719616964482392,0.44404540962664835,0.5336157104351175,0.5507098595968312,0.09264458169567659,0.7218391515413871,1
0.26901521216973584,0.6691488644787386,0.574631297634366,0.5463356572011562,0.5682557371101288,0.4437401078197437,0.5388525221409318,0.5529061102831595,0.09067939359910164,0.7709409109180297,1
0.2761065995653666,0.6704629692027766,0.5694348213401961,0.5721816017684067,0.5702771694763709,0.4414503442679589,0.5314593762033115,0.5820848694015217,0.09166198764738911,0.7727961411211774,1
0.20770902436234706,0.660253386346789,0.6090270216767297,0.6119707532732528,0.815712749277597,0.4019137602738079,0.6235656526761648,0.5070985959683113,0.13363279056709715,0.7432361398843573,1
0.2742765641084296,0.6692499494575107,0.5714144313570227,0.5412344839313041,0.5704456221735578,0.4425189005921252,0.5314593762033115,0.5516511098909719,0.09166198764738911,0.7727961411211774,1
0.27564909070113236,0.6748096232899792,0.6080372166683163,0.5446352661112055,0.5696033586876236,0.44083974065414966,0.5631882941855988,0.5505529845478077,0.10612015721504774,0.7658699483627593,1
0.20542148004117583,0.666823909966979,0.6305552806097199,0.5871450433599728,0.6100320060124652,0.3951971205219058,0.4365806700038506,0.6716605223939133,0.04842784952274004,0.7347020809498779,1
0.2658126501200961,0.6667228249882069,0.5538453924576858,0.540724366604319,0.5520842781801921,0.43366514819189056,0.5533307662687716,0.6123617538630481,0.10078607523863,0.7672304505117343,1
0.263753860231042,0.6817844868252578,0.7273087201821242,0.5565380037408604,0.6176123773858729,0.5325829336289943,0.6041586445899114,0.5370617303317907,0.12478944413250984,0.7599332117126867,1
0.27336154637996113,0.6711705640541816,0.5652281500544393,0.5539874171059344,0.5869539864978681,0.4510673511854551,0.6195610319599538,0.5568279865087459,0.12984278495227403,0.7703225008503138,1
0.27221777421937554,0.6633870206887258,0.5815599326932595,0.6274443121918041,0.6637684164150671,0.43839732619891253,0.5296110897189065,0.6346380108243784,0.09081976417742842,0.7734145511888934,1
0.2278394143886538,0.6679358447334727,0.5805701276848462,0.538173779969393,0.5254687520246715,0.46022640539259435,0.627262225644975,0.5494548592046435,0.13531723750701855,0.7466992362635664,1
0.21297037630104085,0.6719792438843589,0.5756211026427794,0.54310491413025,0.6863410778381037,0.516249286959596,0.4476703889102811,0.5507098595968312,0.05067377877596856,0.7401440895457778,1
0.2578062449959968,0.6623761709010042,0.5827971889537762,0.5534772997789491,0.6182861881746203,0.39626567684607206,0.5450134770889488,0.5574554867048397,0.09783829309376756,0.7662409944033889,1
0.2719890197872584,0.6827953366129794,0.5721567851133327,0.5470158136371365,0.7252536508882638,0.4411450424610543,0.5308432807085098,0.5511804847439016,0.09138124649073555,0.7725487770940911,1
0.27564909070113236,0.6621740009434599,0.7302781352073642,0.5466757354191464,0.5598331022507869,0.5287666610426863,0.7206006931074317,0.5279629774884305,0.09081976417742842,0.7725487770940911,1
0.688550840672538,0.048436552328324445,0.28340591903395035,0.16318086493226835,0.12173576620986837,0.07499979914354893,0.242202541393916,0.17564776322325987,0.8537572524798807,0.12618657431742986,0
0.27381905524419536,0.6721814138419032,0.5704246263486094,0.5478660091821118,0.6155909450196309,0.44312950420593444,0.5286869464767039,0.5510236096948781,0.09039865244244807,0.7713119569586593,1
0.2013039002630676,0.7131208302446257,0.7181530238543008,0.594966842373746,0.579710520518834,0.6608096925289436,0.48586830958798616,0.5331398541062045,0.09334643458731051,0.734083670882162,1
0.27153151092302413,0.722420648291664,0.8757794714441256,0.6097602448563169,0.5706140748707446,0.4414503442679589,0.5268386599922988,0.7372342928857166,0.08955642897248738,0.7705698648774002,1
0.7218917991536087,0.10915492957746553,0.32678412352766506,0.18111999093124803,0.208777681313412,0.14644845621731173,0.20824027724297262,0.21301017073234452,0.6742700729927007,0.18734733001453274,0
0.6644172480841817,0.1836545589325433,0.1927150351380778,0.12415688941789998,0.1982493877392345,0.13292679987466532,0.2848671544089334,0.21988652704787354,0.6138873292157959,0.2689774589530317,0
0.1916962141141485,0.6728890086933083,0.6562902108284668,0.5094371705492263,0.6369844375623596,0.6130299597483673,0.5536388140161725,0.5546317358224175,0.24452554744525545,0.8931387402986921,1
0.33604026078005267,0.6621740009434599,0.7587350291992478,0.5000850195544975,0.5734777707229208,0.41702619971558763,0.548710050057759,0.46364420738881484,0.09896125772038182,0.738907269410346,1
0.1781997026192383,0.6484264438304469,0.6990992774423439,0.5354531542254718,0.6662952068728698,0.5263242465874491,0.5268386599922988,0.541297356655424,0.08941605839416059,0.7161497789184008,1
0.2763353539974837,0.6397331356560416,0.5704246263486094,0.5344329195715014,0.5709509802651183,0.4432821551093868,0.7215248363496343,0.5516511098909719,0.17827063447501404,0.7725487770940911,1
0.18803614320027454,0.6621740009434599,0.5573097099871326,0.4830811086549906,0.5657289466523262,0.464805932496164,0.572737774355025,0.5684367401364814,0.110471645143178,0.7392783154509756,1
0.2083952876586984,0.660960981198194,0.5127684846085322,0.5835742220710763,0.5955450740543969,0.7401881623241503,0.445822102425876,1.0,0.05263896687254352,0.7872669367057296,1
0.25574745510694274,0.6714738189904981,0.5521132336929625,0.5538173779969393,0.6083474790405967,0.42450609398475136,0.5055833654216404,0.561063612832379,0.07987085906793936,0.7946878575183204,1
0.26832894887338443,0.6692499494575107,0.5704246263486094,0.5439551096752253,0.571287885659492,0.4419082969783159,0.5336157104351175,0.5496117342536669,0.09264458169567659,0.7724250950805479,1
0.3490792634107286,0.6446862996158772,0.5803226764327428,0.49770447202856655,0.5623598927085894,0.6893554114745275,0.5841355410088563,0.6544042670013335,0.11566535654126896,0.7222101975820167,1
0.23264325746311337,0.6651054653278524,0.6070474116599031,0.5538173779969393,0.6031254454278048,0.4492355403440273,0.5684251058914132,0.539571731116166,0.10850645704660304,0.7492965585479732,1
0.25734873613176257,0.6676325897971562,0.5689399188359894,0.5002550586634926,0.5726355072369866,0.4435874569162914,0.5366961879091259,0.504902345281983,0.09250421111734981,0.7747750533378683,1
0.27656410842960083,0.6639935305613587,0.570919528852816,0.5621492943376977,0.5707825275679315,0.44221359878522054,0.5308432807085098,0.5503961094987843,0.09138124649073555,0.7726724591076343,1
0.26924396660185296,0.6652065503066246,0.5753736513906761,0.5415745621492943,0.5738146761172945,0.4493881912474796,0.5416249518675395,0.5519648599890188,0.09896125772038182,0.7752697813920411,1
0.9794692897174884,0.07965496327245769,0.08576660397901614,0.01816584481097261,0.5210889818978136,0.3048920597427435,0.0,0.186498287447381,0.9763475575519371,0.09461674036053302,0
0.2834267413931145,0.6681380146910171,0.5798277739285361,0.5485461656180921,0.5813950474907024,0.428627668377964,0.5135926068540624,0.5533767354302299,0.08352049410443571,0.7772486936087319,1
0.28274047809676317,0.6468090841700924,0.6906859348708305,0.5743921101853426,0.5973980537234521,0.4463351731784332,0.6525221409318445,0.6534630167071928,0.14387984278495228,0.7384125413561733,1
0.21525792062221208,0.6692499494575107,0.5969019103236662,0.533242645808536,0.5547795213351816,0.42328488675713277,0.5742780130920293,0.5660836144011295,0.10527793374508704,0.7398967255186915,1
0.28777307560333987,0.6685423546061057,0.6097693754330398,0.5276313552116987,0.569098000596063,0.44175564607486356,0.5881401617250674,0.6967605302376658,0.11749017405951713,0.7662409944033889,1
0.18689237103968892,0.65701866702608,0.6305552806097199,0.612480870600238,0.50474907027069,0.4484722858267657,0.41470927993839046,0.5525923601851126,0.03846153846153847,0.6994527070900715,1
0.27336154637996113,0.6763258979715615,0.5716618826091261,0.5403842883863288,0.5706140748707446,0.44236624968867283,0.5308432807085098,0.5514942348419485,0.09138124649073555,0.7732908691753502,1
0.27564909070113236,0.6768313228654224,0.5714144313570227,0.5434449923482401,0.5803843313075813,0.4425189005921252,0.5351559491721217,0.5510236096948781,0.09138124649073555,0.7725487770940911,1
0.20061763696671625,0.6742031134173463,0.6585172720973969,0.5674205067165448,0.6836458346831142,0.8513180200374396,0.4827878321139777,0.5510236096948781,0.06948343627175745,0.7333415788009029,1
0.4952533455335697,0.670766224139093,0.6213995842818965,0.5837442611800714,0.6223290529071045,0.4902986333727015,0.44797843665768194,0.5000392187622559,0.15089837170129142,0.7394019974645187,1
0.4229669449845591,0.6689466945211943,0.5716618826091261,0.4579153205237204,0.6814559496196854,0.5041898655868626,0.4199460916442049,0.4625460820456507,0.039444132509825945,0.7074920379703782,1
0.7804529337755919,0.16037131882202305,0.14315054934177968,0.2326135011052542,0.11593216971393139,0.03192814159576546,0.0840970350404312,0.0,0.6672749391727498,0.12906218113230883,0
0.2626100880704564,0.6814812318889414,0.7500742353756311,0.6009182111885734,0.5246264885387373,0.44480866414390996,0.5382364266461301,0.5016079692524904,0.09475014037057833,0.7348257629634211,1
0.2761065995653666,0.6699575443089159,0.5721567851133327,0.5422547185852746,0.5709509802651183,0.4425189005921252,0.5317674239507124,0.5514942348419485,0.09124087591240877,0.7726724591076343,1
0.274962827404781,0.670058629287688,0.5714144313570227,0.634755993878592,0.6691589027250461,0.4412976933645066,0.7369272237196767,0.5066279708212409,0.1622683885457608,0.7755171454191274,1
0.22509436120324833,0.6678347597547005,0.7451252103335644,0.6265941166468287,0.5669081155326341,0.4487775876336703,0.4633808240277243,0.6242842575888305,0.0868893879842785,0.7483071024396277,1
0.27359030081207825,0.6749107082687513,0.5721567851133327,0.545825539874171,0.5694349059904367,0.4419082969783159,0.6291105121293801,0.5519648599890188,0.13503649635036497,0.7715593209857456,1
0.27725037172595224,0.6690477794999664,0.5706720776007127,0.5526271042339738,0.5751622976947892,0.44267155149557746,0.5360800924143242,0.5507098595968312,0.09376754632229085,0.7727961411211774,1
0.17705593045865267,0.6692499494575107,0.741908344056221,0.7478320013603128,0.6066629520687283,0.5463215149397032,0.6247978436657682,0.5558867362146052,0.0828186412128018,0.8265978170124609,1
0.40969918792176596,0.670058629287688,0.5271206572305256,0.5182792042169698,0.6290671607945781,0.49793117854531754,0.472006160954948,0.5199623499882344,0.06386861313868614,0.7460808261958505,1
0.2783941438865378,0.6671271649032955,0.6431752944669901,0.6126509097092331,0.6080105736462231,0.44175564607486356,0.5918367346938775,0.5511804847439016,0.11917462099943853,0.7742803252836956,1
0.2763353539974837,0.7048318619853091,0.6112540829456597,0.49277333786770955,0.6430487346610858,0.4432821551093868,0.5400847131305353,0.49674484273276337,0.09601347557551938,0.7729198231347206,1
0.2781653894544207,0.6669249949457512,0.572404236365436,0.5393640537323584,0.6566934031332199,0.4428242023990298,0.5333076626877166,0.5519648599890188,0.09306569343065695,0.7753934634055842,1
0.7018757863433605,0.1318822023047379,0.21624764921310508,0.061950915377202875,0.1821501228223777,0.20439955972265722,0.2479014247208317,0.12670274792794262,0.8158805914280362,0.2274203024025232,0
0.27336154637996113,0.6709683940966373,0.5728991388696427,0.5427648359122598,0.5706140748707446,0.4429768533024821,0.5376203311513285,0.5654561142050357,0.09138124649073555,0.7741566432701524,1
0.1816310191009951,0.6643978704764473,0.7278036226863308,0.6442781839823158,0.7207054280642191,0.45137265299235974,0.5191374663072776,0.5496117342536669,0.08155530600786076,0.6990816610494419,1
0.23264325746311337,0.7279803221241324,0.5956646540631496,0.5442951878932154,0.5647182304692052,0.9070355997975367,0.6845591066615326,0.48121421287944155,0.04239191465468839,0.7302495284623234,1
0.24339471577261812,0.6748096232899792,0.5951697515589429,0.5595987077027716,0.6184546408718071,0.44175564607486356,0.6703889102810936,0.5474154835673386,0.15496911847276812,0.7551096131845026,1
0.16653322658126504,0.6418559202102568,0.7389389290309809,0.5417446012582894,0.5866170811034944,0.44786168221295636,0.5058914131690412,0.5580829869009335,0.08309938236945537,0.704647351658885,1
0.2779366350223036,0.6721814138419032,0.5728991388696427,0.5412344839313041,0.5701087167791841,0.44022913704034033,0.5336157104351175,0.652521766413052,0.09264458169567659,0.7739092792430661,1
0.7644401235273934,0.0737414920142867,0.26588637038503415,0.377203423454061,0.2693725229586218,0.12746350438268766,0.21809780515979976,0.24835934844563023,0.5941652629608829,0.21059954856065055,0
0.0,0.8033897162881596,0.5813124814411561,0.5446352661112055,0.5763414665750971,0.44602987137152855,0.5443973815941471,0.6955055298454782,0.09755755193711399,0.7029158034692805,1
0.2747340729726639,0.6738998584810298,0.8250519647629417,0.5442951878932154,0.571119432962305,0.44099239155760195,0.5320754716981132,0.5543179857243706,0.09194272880404268,0.7719303670263752,1
0.2742765641084296,0.6729900936720804,0.570919528852816,0.5461656180921611,0.5709509802651183,0.4420609478817682,0.5363881401617251,0.5521217350380423,0.09124087591240877,0.7732908691753502,1
0.5000571886080293,0.6164835905384461,0.608532119172523,0.5420846794762795,0.47847044950954304,0.3854274627009573,0.9910666153253755,0.5726723664601145,0.11271757439640652,0.7074920379703782,1
0.07434519043806476,0.6357908214839276,0.8015440958131249,0.5315422547185853,0.5857748176175602,0.30513308748503665,0.55271467077397,0.5601223625382383,0.10050533408197643,0.6680374756501036,1
0.27038773876243855,0.6684412696273335,0.5711669801049194,0.5487162047270872,0.5716247910538657,0.3417693043135936,0.5351559491721217,0.5514942348419485,0.08955642897248738,0.7693330447419684,1
0.26901521216973584,0.6776400026955995,0.570919528852816,0.5427648359122598,0.6598940043797699,0.44175564607486356,0.5314593762033115,0.5602792375872618,0.09166198764738911,0.7723014130670047,1
0.26558389568797897,0.6865354808275491,0.710976937543304,0.6182622003060704,0.667137470358804,0.4345810536126045,0.520369657296881,0.4372891991528748,0.08660864682762494,0.7710645929315729,1
0.274962827404781,0.6697553743513714,0.5694348213401961,0.5366434279884373,0.571287885659492,0.4419082969783159,0.5323835194455141,0.5500823594007374,0.09208309938236946,0.7721777310534615,1
0.47649548209996573,0.6746074533324349,0.564238345046026,0.5068865839143003,0.6418695657807779,0.496252018607342,0.7874470542934155,0.5472586085183152,0.20830993823694555,0.7267864320831143,1
0.2747340729726639,0.6711705640541816,0.5714144313570227,0.5451453834381907,0.6213183367239834,0.44175564607486356,0.5317674239507124,0.5445917326849165,0.09180235822571589,0.7720540490399184,1
0.7246940409470434,0.17519711570860602,0.30567653172325054,0.33472198605679304,0.19301532179092884,0.19781146809997843,0.1723527146707739,0.3052526995581348,0.6656606775219919,0.23839708110448043,0
0.2763353539974837,0.6704629692027766,0.5704246263486094,0.5449753443291957,0.571119432962305,0.4420609478817682,0.5317674239507124,0.5507098595968312,0.09152161706906232,0.7727961411211774,1
0.27542033626901524,0.6731922636296247,0.5716618826091261,0.5453154225471858,0.5704456221735578,0.44175564607486356,0.5302271852137082,0.5511804847439016,0.09110050533408198,0.7729198231347206,1
0.23744710053757295,0.6688456095424221,0.5837869939621895,0.5796633225641897,0.5837533852513181,0.44175564607486356,0.5493261455525607,0.6220880069025022,0.09811903425042112,0.7605516217804026,1
0.6003660070913874,0.07210728485747087,0.36214490745323175,0.08745678172646315,0.16155909450196276,0.11320269629701168,0.29149018097805157,0.19120453891808453,0.47812558487741014,0.25212578460777346,0
0.27336154637996113,0.7174674843318284,0.5531030387013759,0.5510967522530181,0.48824070594637975,0.4635847252685454,0.5111282248748557,0.5533767354302299,0.08239752947782146,0.7113261803902168,1
0.22509436120324833,0.6689466945211943,0.5743838463822627,0.5393640537323584,0.5613491765254683,0.4457245695646239,0.6035425490951097,0.5598086124401914,0.09348680516563729,0.7466992362635664,1
0.18757863433604027,0.6304333176090035,0.6013560328615263,0.4762795442951879,0.5965557902375179,0.4747282412205648,0.5761262995764344,0.5524354851360892,0.08927568781583381,0.7283942982591757,1
0.23561706508063596,0.6889615203180809,0.6236266455508266,0.7017514028226491,0.5544426159408079,0.584789542609688,0.915594917212168,0.5965173739116794,0.21785513756316677,0.7301258464487802,1
0.2662701589843304,0.6714738189904981,0.5793328714243294,0.5563679646318653,0.5898176823500444,0.4544256710614062,0.606931074316519,0.5684367401364814,0.12605277933745088,0.7688383166877957,1
